Workbook
Name convert: #REF!
Name convert: '[1]Scratch Sheet'!$B$159:$D$166
Name convert: #REF!
Name convert: '[1]Scratch Sheet'!$B$159:$D$166
Name convert: '[1]Scratch Sheet'!$B$159:$D$166
Name convert: #REF!
Name convert: '[1]Scratch Sheet'!$B$159:$D$166
Name convert: '[1]Scratch Sheet'!$B$159:$D$166
Name convert: '[1]Scratch Sheet'!$B$159:$D$166
Name convert: '[1]Scratch Sheet'!$B$159:$D$166
Name convert: '[1]Scratch Sheet'!$B$159:$D$166
Name convert: '[1]Scratch Sheet'!$B$159:$D$166
Name convert: '[2]Scratch Sheet'!$B$159:$D$166
Name convert: #REF!
Name convert: #REF!
Name goldlook: #REF!
Name goldlook: '[1]Scratch Sheet'!$B$62:$C$68
Name goldlook: #REF!
Name goldlook: '[1]Scratch Sheet'!$B$62:$C$68
Name goldlook: '[1]Scratch Sheet'!$B$62:$C$68
Name goldlook: #REF!
Name goldlook: '[1]Scratch Sheet'!$B$62:$C$68
Name goldlook: '[1]Scratch Sheet'!$B$62:$C$68
Name goldlook: '[1]Scratch Sheet'!$B$62:$C$68
Name goldlook: '[1]Scratch Sheet'!$B$62:$C$68
Name goldlook: '[1]Scratch Sheet'!$B$62:$C$68
Name goldlook: '[1]Scratch Sheet'!$B$62:$C$68
Name goldlook: '[2]Scratch Sheet'!$B$62:$C$68
Name goldlook: #REF!
Name goldlook: #REF!
Name goldlook2: #REF!
Name goldlook2: #REF!
Name goldlook2: #REF!
Name goldlook2: #REF!
Name goldlook2: #REF!
Name goldlook2: #REF!
Name goldlook2: #REF!
Name goldlook2: #REF!
Name goldlook2: #REF!
Name goldlook2: #REF!
Name goldlook2: #REF!
Name goldlook2: #REF!
Name grouplook: #REF!
Name grouplook: [3]Sheet1!$E$5:$F$52
Name grouplook: #REF!
Name grouplook: [3]Sheet1!$E$5:$F$52
Name grouplook: [3]Sheet1!$E$5:$F$52
Name grouplook: #REF!
Name grouplook: [3]Sheet1!$E$5:$F$52
Name grouplook: [3]Sheet1!$E$5:$F$52
Name grouplook: [3]Sheet1!$E$5:$F$52
Name grouplook: [3]Sheet1!$E$5:$F$52
Name grouplook: [3]Sheet1!$E$5:$F$52
Name grouplook: [3]Sheet1!$E$5:$F$52
Name grouplook: #REF!
Name grouplook: #REF!
Name platlook: #REF!
Name platlook: '[1]Scratch Sheet'!$B$56:$E$59
Name platlook: #REF!
Name platlook: '[1]Scratch Sheet'!$B$56:$E$59

Sheet CHICLETS MASTER S2
A1: 2026 NJO S2 | I1: 2026 NJO S2 | K1: 2026 NJO S2 | P1: 2026 NJO S2 | X1: 2026 NJO S2 | AR1: CUSTOM TIMES | AU1: 2026 NJO S2 | BA1: 2026 NJO S2
A2: THURSDAY JULY 23 | I2: THURSDAY JULY 23 | K2: THURSDAY JULY 23 | P2: THURSDAY JULY 23 | X2: THURSDAY JULY 23 | AC2: done by 4:30pm | AD2: start after 4pm | AE2: start after 10am | AF2: 11am-4pm YMCA | AR2: after 1pm | AS2: 7am-12pm 5pm-8pm | AU2: THURSDAY JULY 23 | BA2: THURSDAY JULY 23
B3: EL TORO HS 1 | C3: EL TORO HS 2 | D3: EL TORO HS 3 | E3: BECKMAN HS 2 | F3: CAPISTRANO VALLEY HS 2 | G3: TUSTIN HS 2 | H3: OCEAN VIEW HS 2 | J3: GOLDEN WEST COLLEGE 2 | L3: ALISO NIGUEL HS | M3: SAN CLEMENTE HS | N3: MISSION VIEJO HS | O3: LAGUNA HILLS HS | Q3: UC IRVINE 1 | R3: UC IRVINE 2 | S3: EL MODENA HS | T3: GARDEN GROVE HS | U3: PORTOLA HS 2 | V3: VILLA PARK HS | W3: TRABUCO HILLS HS | Y3: SADDLEBACK COLLEGE 2 | Z3: FULLERTON HS | AA3: BREA OLINDA HS | AB3: ESPERANZA HS | AC3: OCEAN VIEW HS 1 | AD3: NEWPORT HARBOR HS | AE3: ORANGE COAST COLLEGE 1 | AF3: YORBA LINDA HS | AG3: GOLDEN WEST COLLEGE 1 | AH3: TROY HS | AI3: VALLEY HS (SA) | AJ3: SUNNY HILLS HS | AK3: CAPISTRANO VALLEY HS 1 | AL3: BECKMAN HS 1 | AM3: TUSTIN HS 1 | AN3: SAN JUAN HILLS HS | AO3: PORTOLA HS 1 | AP3: EDISON HS | AQ3: LONG BEACH CC 2 | AR3: SADDLEBACK COLLEGE 1 | AS3: ANAHEIM HS | AT3: LA SERNA HS | AV3: FULLERTON COLLEGE | AW3: LONG BEACH CC 1 | AX3: SERVITE HS | AY3: SONORA HS | AZ3: LA HABRA HS | BB3: NORTHWOOD HS | BC3: JSERRA CHS | BD3: CHAPMAN UNIVERSITY | BE3: WESTMINSTER HS | BF3: MARINA HS | BI3: =COUNTA(B3:BG3) -> 51
A4: 0.29166667 | B4: ='10U_M_Champ_35'!L56&"-"&'10U_M_Champ_35'!C56&"-"&TEXT('10U_M_Champ_35'!B56,"h:mm am/pm") -> 10B-003-Group I-7:00 AM | C4: ='10U_M_Champ_35'!L16&"-"&'10U_M_Champ_35'!C16&"-"&TEXT('10U_M_Champ_35'!B16,"h:mm am/pm") -> 10B-001-Group A-7:00 AM | D4: ='10U_M_Champ_35'!L36&"-"&'10U_M_Champ_35'!C36&"-"&TEXT('10U_M_Champ_35'!B36,"h:mm am/pm") -> 10B-002-Group H-7:00 AM | E4: ='12U_M_Classic_53'!L68&"-"&'12U_M_Classic_53'!C68&"-"&TEXT('12U_M_Classic_53'!B68,"h:mm am/pm") -> 12BX-002-Group-7:00 AM | F4: ='12U_M_Classic_53'!L88&"-"&'12U_M_Classic_53'!C88&"-"&TEXT('12U_M_Classic_53'!B88,"h:mm am/pm") -> 12BX-003-Group-7:00 AM | G4: ='12U_M_Classic_53'!L108&"-"&'12U_M_Classic_53'!C108&"-"&TEXT('12U_M_Classic_53'!B108,"h:mm am/pm") -> 12BX-013-Group-7:00 AM | H4: ='12U_M_Classic_53'!L29&"-"&'12U_M_Classic_53'!C29&"-"&TEXT('12U_M_Classic_53'!B29,"h:mm am/pm") -> 12BX-005-Group-7:00 AM | I4: 0.29166667 | J4: ='12U_M_Classic_53'!L48&"-"&'12U_M_Classic_53'!C48&"-"&TEXT('12U_M_Classic_53'!B48,"h:mm am/pm") -> 12BX-001-Group-7:00 AM | K4: 0.29166667 | L4: ='12U_M_Champ'!L18&"-"&'12U_M_Champ'!C18&"-"&TEXT('12U_M_Champ'!B18,"h:mm am/pm") -> 12B-001-Group-7:00 AM | M4: ='12U_M_Champ'!L37&"-"&'12U_M_Champ'!C37&"-"&TEXT('12U_M_Champ'!B37,"h:mm am/pm") -> 12B-002-Group-7:00 AM | N4: ='12U_M_Champ'!L56&"-"&'12U_M_Champ'!C56&"-"&TEXT('12U_M_Champ'!B56,"h:mm am/pm") -> 12B-003-Group-7:00 AM | O4: ='12U_M_Champ'!L75&"-"&'12U_M_Champ'!C75&"-"&TEXT('12U_M_Champ'!B75,"h:mm am/pm") -> 12B-004-Group-7:00 AM | P4: 0.29166667 | Q4: ='14U_M_Champ'!L18&"-"&'14U_M_Champ'!C18&"-"&TEXT('14U_M_Champ'!B18,"h:mm am/pm") -> 14B-001-Group-7:00 AM | R4: ='14U_M_Champ'!L37&"-"&'14U_M_Champ'!C37&"-"&TEXT('14U_M_Champ'!B37,"h:mm am/pm") -> 14B-002-Group-7:00 AM | S4: ='14U_M_Champ'!L56&"-"&'14U_M_Champ'!C56&"-"&TEXT('14U_M_Champ'!B56,"h:mm am/pm") -> 14B-003-Group-7:00 AM | T4: ='14U_M_Champ'!L75&"-"&'14U_M_Champ'!C75&"-"&TEXT('14U_M_Champ'!B75,"h:mm am/pm") -> 14B-004-Group-7:00 AM | U4: ='14U_M_Invite_36'!L56&"-"&'14U_M_Invite_36'!C56&"-"&TEXT('14U_M_Invite_36'!B56,"h:mm am/pm") -> 14BQ-003-Group I-7:00 AM | V4: ='14U_M_Invite_36'!L36&"-"&'14U_M_Invite_36'!C36&"-"&TEXT('14U_M_Invite_36'!B36,"h:mm am/pm") -> 14BQ-002-Group H-7:00 AM | W4: ='14U_M_Invite_36'!L16&"-"&'14U_M_Invite_36'!C16&"-"&TEXT('14U_M_Invite_36'!B16,"h:mm am/pm") -> 14BQ-001-Group A-7:00 AM | X4: 0.29166667 | Z4: ='16U_M_Invite'!L83&"-"&'16U_M_Invite'!C83&"-"&TEXT('16U_M_Invite'!B83,"h:mm am/pm") -> 16BQ-004-Group-7:00 AM | AA4: ='14U_M_Classic'!L18&"-"&'14U_M_Classic'!C18&"-"&TEXT('14U_M_Classic'!B18,"h:mm am/pm") -> 14BX-004-Group-7:00 AM | AB4: ='14U_M_Classic'!L56&"-"&'14U_M_Classic'!C56&"-"&TEXT('14U_M_Classic'!B56,"h:mm am/pm") -> 14BX-002-Group-7:00 AM | AC4: ='14U_M_Classic'!L78&"-"&'14U_M_Classic'!C78&"-"&TEXT('14U_M_Classic'!B78,"h:mm am/pm") -> 14BX-001-Group-7:00 AM | AF4: ='16U_M_Invite'!L18&"-"&'16U_M_Invite'!C18&"-"&TEXT('16U_M_Invite'!B18,"h:mm am/pm") -> 16BQ-001-Group-7:00 AM | AG4: ='18U_M_Classic'!L75&"-"&'18U_M_Classic'!C75&"-"&TEXT('18U_M_Classic'!B75,"h:mm am/pm") -> 18BX-004-Group-7:00 AM | AH4: ='18U_M_Classic'!L37&"-"&'18U_M_Classic'!C37&"-"&TEXT('18U_M_Classic'!B37,"h:mm am/pm") -> 18BX-002-Group-7:00 AM | AI4: ='18U_M_Classic'!L56&"-"&'18U_M_Classic'!C56&"-"&TEXT('18U_M_Classic'!B56,"h:mm am/pm") -> 18BX-003-Group-7:00 AM | AJ4: ='18U_M_Classic'!L18&"-"&'18U_M_Classic'!C18&"-"&TEXT('18U_M_Classic'!B18,"h:mm am/pm") -> 18BX-001-Group-7:00 AM | AK4: ='16U_M_Invite'!L45&"-"&'16U_M_Invite'!C45&"-"&TEXT('16U_M_Invite'!B45,"h:mm am/pm") -> 16BQ-002-Group-7:00 AM | AL4: ='14U_M_Classic'!L37&"-"&'14U_M_Classic'!C37&"-"&TEXT('14U_M_Classic'!B37,"h:mm am/pm") -> 14BX-003-Group-7:00 AM | AM4: ='16U_M_Invite'!L64&"-"&'16U_M_Invite'!C64&"-"&TEXT('16U_M_Invite'!B64,"h:mm am/pm") -> 16BQ-003-Group-7:00 AM | AN4: ='16U_M_Classic'!L56&"-"&'16U_M_Classic'!C56&"-"&TEXT('16U_M_Classic'!B56,"h:mm am/pm") -> 16BX-003-Group-7:00 AM | AO4: ='16U_M_Classic'!L75&"-"&'16U_M_Classic'!C75&"-"&TEXT('16U_M_Classic'!B75,"h:mm am/pm") -> 16BX-004-Group-7:00 AM | AP4: ='16U_M_Classic'!L18&"-"&'16U_M_Classic'!C18&"-"&TEXT('16U_M_Classic'!B18,"h:mm am/pm") -> 16BX-001-Group-7:00 AM | AQ4: ='16U_M_Classic'!L37&"-"&'16U_M_Classic'!C37&"-"&TEXT('16U_M_Classic'!B37,"h:mm am/pm") -> 16BX-002-Group-7:00 AM | AS4: ='18U_M_INVITE_NEW_23'!L36&"-"&'18U_M_INVITE_NEW_23'!C36&"-"&TEXT('18U_M_INVITE_NEW_23'!B36,"h:mm am/pm") -> 18BQ-002-Group-7:00 AM | AT4: ='18U_M_INVITE_NEW_23'!L17&"-"&'18U_M_INVITE_NEW_23'!C17&"-"&TEXT('18U_M_INVITE_NEW_23'!B17,"h:mm am/pm") -> 18BQ-001-Group-7:00 AM | AU4: 0.29166667 | AV4: ='16U_M_Champ'!L18&"-"&'16U_M_Champ'!C18&"-"&TEXT('16U_M_Champ'!B18,"h:mm am/pm") -> 16B-001-Group-7:00 AM | AW4: ='16U_M_Champ'!L37&"-"&'16U_M_Champ'!C37&"-"&TEXT('16U_M_Champ'!B37,"h:mm am/pm") -> 16B-002-Group-7:00 AM | AX4: ='16U_M_Champ'!L56&"-"&'16U_M_Champ'!C56&"-"&TEXT('16U_M_Champ'!B56,"h:mm am/pm") -> 16B-003-Group-7:00 AM | AY4: ='16U_M_Champ'!L75&"-"&'16U_M_Champ'!C75&"-"&TEXT('16U_M_Champ'!B75,"h:mm am/pm") -> 16B-004-Group-7:00 AM | BA4: 0.29166667 | BB4: ='18U_M_Champ'!L18&"-"&'18U_M_Champ'!C18&"-"&TEXT('18U_M_Champ'!B18,"h:mm am/pm") -> 18B-001-Group-7:00 AM | BC4: ='18U_M_Champ'!L66&"-"&'18U_M_Champ'!C66&"-"&TEXT('18U_M_Champ'!B66,"h:mm am/pm") -> 18B-003-Group-7:00 AM | BD4: ='18U_M_Champ'!L34&"-"&'18U_M_Champ'!C34&"-"&TEXT('18U_M_Champ'!B34,"h:mm am/pm") -> 18B-002-Group-7:00 AM | BE4: ='18U_M_Champ'!L50&"-"&'18U_M_Champ'!C50&"-"&TEXT('18U_M_Champ'!B50,"h:mm am/pm") -> 18B-004-Group-7:00 AM | BF4: ='18U_M_Champ'!L82&"-"&'18U_M_Champ'!C82&"-"&TEXT('18U_M_Champ'!B82,"h:mm am/pm") -> 18B-005-Group-7:00 AM
A5: 0.32638889 | B5: ='10U_M_Champ_35'!L57&"-"&'10U_M_Champ_35'!C57&"-"&TEXT('10U_M_Champ_35'!B57,"h:mm am/pm") -> 10B-006-Group J-7:50 AM | C5: ='10U_M_Champ_35'!L17&"-"&'10U_M_Champ_35'!C17&"-"&TEXT('10U_M_Champ_35'!B17,"h:mm am/pm") -> 10B-004-Group B-7:50 AM | D5: ='10U_M_Champ_35'!L37&"-"&'10U_M_Champ_35'!C37&"-"&TEXT('10U_M_Champ_35'!B37,"h:mm am/pm") -> 10B-005-Group G-7:50 AM | E5: ='12U_M_Classic_53'!L69&"-"&'12U_M_Classic_53'!C69&"-"&TEXT('12U_M_Classic_53'!B69,"h:mm am/pm") -> 12BX-007-Group-7:50 AM | F5: ='12U_M_Classic_53'!L89&"-"&'12U_M_Classic_53'!C89&"-"&TEXT('12U_M_Classic_53'!B89,"h:mm am/pm") -> 12BX-008-Group-7:50 AM | G5: ='12U_M_Classic_53'!L109&"-"&'12U_M_Classic_53'!C109&"-"&TEXT('12U_M_Classic_53'!B109,"h:mm am/pm") -> 12BX-13A-Group-7:50 AM | H5: ='12U_M_Classic_53'!L30&"-"&'12U_M_Classic_53'!C30&"-"&TEXT('12U_M_Classic_53'!B30,"h:mm am/pm") -> 12BX-5A-Group-7:50 AM | I5: 0.32638889 | J5: ='12U_M_Classic_53'!L49&"-"&'12U_M_Classic_53'!C49&"-"&TEXT('12U_M_Classic_53'!B49,"h:mm am/pm") -> 12BX-006-Group-7:50 AM | K5: 0.32638889 | L5: ='12U_M_Champ'!L19&"-"&'12U_M_Champ'!C19&"-"&TEXT('12U_M_Champ'!B19,"h:mm am/pm") -> 12B-005-Group-7:50 AM | M5: ='12U_M_Champ'!L38&"-"&'12U_M_Champ'!C38&"-"&TEXT('12U_M_Champ'!B38,"h:mm am/pm") -> 12B-006-Group-7:50 AM | N5: ='12U_M_Champ'!L57&"-"&'12U_M_Champ'!C57&"-"&TEXT('12U_M_Champ'!B57,"h:mm am/pm") -> 12B-007-Group-7:50 AM | O5: ='12U_M_Champ'!L76&"-"&'12U_M_Champ'!C76&"-"&TEXT('12U_M_Champ'!B76,"h:mm am/pm") -> 12B-008-Group-7:50 AM | P5: 0.32638889 | Q5: ='14U_M_Champ'!L19&"-"&'14U_M_Champ'!C19&"-"&TEXT('14U_M_Champ'!B19,"h:mm am/pm") -> 14B-005-Group-7:50 AM | R5: ='14U_M_Champ'!L38&"-"&'14U_M_Champ'!C38&"-"&TEXT('14U_M_Champ'!B38,"h:mm am/pm") -> 14B-006-Group-7:50 AM | S5: ='14U_M_Champ'!L57&"-"&'14U_M_Champ'!C57&"-"&TEXT('14U_M_Champ'!B57,"h:mm am/pm") -> 14B-007-Group-7:50 AM | T5: ='14U_M_Champ'!L76&"-"&'14U_M_Champ'!C76&"-"&TEXT('14U_M_Champ'!B76,"h:mm am/pm") -> 14B-008-Group-7:50 AM | U5: ='14U_M_Invite_36'!L57&"-"&'14U_M_Invite_36'!C57&"-"&TEXT('14U_M_Invite_36'!B57,"h:mm am/pm") -> 14BQ-006-Group J-7:50 AM | V5: ='14U_M_Invite_36'!L37&"-"&'14U_M_Invite_36'!C37&"-"&TEXT('14U_M_Invite_36'!B37,"h:mm am/pm") -> 14BQ-005-Group G-7:50 AM | W5: ='14U_M_Invite_36'!L17&"-"&'14U_M_Invite_36'!C17&"-"&TEXT('14U_M_Invite_36'!B17,"h:mm am/pm") -> 14BQ-004-Group B-7:50 AM | X5: 0.32638889 | Z5: ='16U_M_Invite'!L84&"-"&'16U_M_Invite'!C84&"-"&TEXT('16U_M_Invite'!B84,"h:mm am/pm") -> 16BQ-008-Group-7:50 AM | AA5: ='14U_M_Classic'!L19&"-"&'14U_M_Classic'!C19&"-"&TEXT('14U_M_Classic'!B19,"h:mm am/pm") -> 14BX-008-Group-7:50 AM | AB5: ='14U_M_Classic'!L57&"-"&'14U_M_Classic'!C57&"-"&TEXT('14U_M_Classic'!B57,"h:mm am/pm") -> 14BX-006-Group-7:50 AM | AC5: ='14U_M_Classic'!L79&"-"&'14U_M_Classic'!C79&"-"&TEXT('14U_M_Classic'!B79,"h:mm am/pm") -> 14BX-005-Group-7:50 AM | AF5: ='16U_M_Invite'!L19&"-"&'16U_M_Invite'!C19&"-"&TEXT('16U_M_Invite'!B19,"h:mm am/pm") -> 16BQ-005-Group-7:50 AM | AG5: ='18U_M_Classic'!L76&"-"&'18U_M_Classic'!C76&"-"&TEXT('18U_M_Classic'!B76,"h:mm am/pm") -> 18BX-008-Group-7:50 AM | AH5: ='18U_M_Classic'!L38&"-"&'18U_M_Classic'!C38&"-"&TEXT('18U_M_Classic'!B38,"h:mm am/pm") -> 18BX-006-Group-7:50 AM | AI5: ='18U_M_Classic'!L57&"-"&'18U_M_Classic'!C57&"-"&TEXT('18U_M_Classic'!B57,"h:mm am/pm") -> 18BX-007-Group-7:50 AM | AJ5: ='18U_M_Classic'!L19&"-"&'18U_M_Classic'!C19&"-"&TEXT('18U_M_Classic'!B19,"h:mm am/pm") -> 18BX-005-Group-7:50 AM | AK5: ='16U_M_Invite'!L46&"-"&'16U_M_Invite'!C46&"-"&TEXT('16U_M_Invite'!B46,"h:mm am/pm") -> 16BQ-006-Group-7:50 AM | AL5: ='14U_M_Classic'!L38&"-"&'14U_M_Classic'!C38&"-"&TEXT('14U_M_Classic'!B38,"h:mm am/pm") -> 14BX-007-Group-7:50 AM | AM5: ='16U_M_Invite'!L65&"-"&'16U_M_Invite'!C65&"-"&TEXT('16U_M_Invite'!B65,"h:mm am/pm") -> 16BQ-007-Group-7:50 AM | AN5: ='16U_M_Classic'!L57&"-"&'16U_M_Classic'!C57&"-"&TEXT('16U_M_Classic'!B57,"h:mm am/pm") -> 16BX-007-Group-7:50 AM | AO5: ='16U_M_Classic'!L76&"-"&'16U_M_Classic'!C76&"-"&TEXT('16U_M_Classic'!B76,"h:mm am/pm") -> 16BX-008-Group-7:50 AM | AP5: ='16U_M_Classic'!L19&"-"&'16U_M_Classic'!C19&"-"&TEXT('16U_M_Classic'!B19,"h:mm am/pm") -> 16BX-005-Group-7:50 AM | AQ5: ='16U_M_Classic'!L38&"-"&'16U_M_Classic'!C38&"-"&TEXT('16U_M_Classic'!B38,"h:mm am/pm") -> 16BX-006-Group-7:50 AM | AS5: ='18U_M_INVITE_NEW_23'!L37&"-"&'18U_M_INVITE_NEW_23'!C37&"-"&TEXT('18U_M_INVITE_NEW_23'!B37,"h:mm am/pm") -> 18BQ-004-Group-7:50 AM | AT5: ='18U_M_INVITE_NEW_23'!L18&"-"&'18U_M_INVITE_NEW_23'!C18&"-"&TEXT('18U_M_INVITE_NEW_23'!B18,"h:mm am/pm") -> 18BQ-003-Group-7:50 AM | AU5: 0.32638889 | AV5: ='16U_M_Champ'!L19&"-"&'16U_M_Champ'!C19&"-"&TEXT('16U_M_Champ'!B19,"h:mm am/pm") -> 16B-005-Group-7:50 AM | AW5: ='16U_M_Champ'!L38&"-"&'16U_M_Champ'!C38&"-"&TEXT('16U_M_Champ'!B38,"h:mm am/pm") -> 16B-006-Group-7:50 AM | AX5: ='16U_M_Champ'!L57&"-"&'16U_M_Champ'!C57&"-"&TEXT('16U_M_Champ'!B57,"h:mm am/pm") -> 16B-007-Group-7:50 AM | AY5: ='16U_M_Champ'!L76&"-"&'16U_M_Champ'!C76&"-"&TEXT('16U_M_Champ'!B76,"h:mm am/pm") -> 16B-008-Group-7:50 AM | BA5: 0.33333333 | BB5: ='18U_M_Champ'!L19&"-"&'18U_M_Champ'!C19&"-"&TEXT('18U_M_Champ'!B19,"h:mm am/pm") -> 18B-006-Group-8:00 AM | BC5: ='18U_M_Champ'!L67&"-"&'18U_M_Champ'!C67&"-"&TEXT('18U_M_Champ'!B67,"h:mm am/pm") -> 18B-009-Group-8:00 AM | BD5: ='18U_M_Champ'!L35&"-"&'18U_M_Champ'!C35&"-"&TEXT('18U_M_Champ'!B35,"h:mm am/pm") -> 18B-007-Group-8:00 AM | BE5: ='18U_M_Champ'!L51&"-"&'18U_M_Champ'!C51&"-"&TEXT('18U_M_Champ'!B51,"h:mm am/pm") -> 18B-008-Group-8:00 AM | BF5: ='18U_M_Champ'!L83&"-"&'18U_M_Champ'!C83&"-"&TEXT('18U_M_Champ'!B83,"h:mm am/pm") -> 18B-010-Group-8:00 AM
A6: 0.36111111 | B6: ='10U_M_Champ_35'!L58&"-"&'10U_M_Champ_35'!C58&"-"&TEXT('10U_M_Champ_35'!B58,"h:mm am/pm") -> 10B-012-Group L-8:40 AM | C6: ='10U_M_Champ_35'!L18&"-"&'10U_M_Champ_35'!C18&"-"&TEXT('10U_M_Champ_35'!B18,"h:mm am/pm") -> 10B-007-Group C-8:40 AM | D6: ='10U_M_Champ_35'!L38&"-"&'10U_M_Champ_35'!C38&"-"&TEXT('10U_M_Champ_35'!B38,"h:mm am/pm") -> 10B-008-Group F-8:40 AM | E6: ='12U_M_Classic_53'!L70&"-"&'12U_M_Classic_53'!C70&"-"&TEXT('12U_M_Classic_53'!B70,"h:mm am/pm") -> 12BX-012-Group-8:40 AM | F6: ='12U_M_Classic_53'!L90&"-"&'12U_M_Classic_53'!C90&"-"&TEXT('12U_M_Classic_53'!B90,"h:mm am/pm") -> 12BX-017-Group-8:40 AM | G6: ='12U_M_Classic_53'!L110&"-"&'12U_M_Classic_53'!C110&"-"&TEXT('12U_M_Classic_53'!B110,"h:mm am/pm") -> 12BX-004-Group-8:40 AM | H6: ='12U_M_Classic_53'!L31&"-"&'12U_M_Classic_53'!C31&"-"&TEXT('12U_M_Classic_53'!B31,"h:mm am/pm") -> 12BX-010-Group-8:40 AM | I6: 0.36111111 | J6: ='12U_M_Classic_53'!L50&"-"&'12U_M_Classic_53'!C50&"-"&TEXT('12U_M_Classic_53'!B50,"h:mm am/pm") -> 12BX-011-Group-8:40 AM | K6: 0.36111111 | L6: ='12U_M_Champ'!L20&"-"&'12U_M_Champ'!C20&"-"&TEXT('12U_M_Champ'!B20,"h:mm am/pm") -> 12B-009-Group-8:40 AM | M6: ='12U_M_Champ'!L39&"-"&'12U_M_Champ'!C39&"-"&TEXT('12U_M_Champ'!B39,"h:mm am/pm") -> 12B-010-Group-8:40 AM | N6: ='12U_M_Champ'!L58&"-"&'12U_M_Champ'!C58&"-"&TEXT('12U_M_Champ'!B58,"h:mm am/pm") -> 12B-011-Group-8:40 AM | O6: ='12U_M_Champ'!L77&"-"&'12U_M_Champ'!C77&"-"&TEXT('12U_M_Champ'!B77,"h:mm am/pm") -> 12B-012-Group-8:40 AM | P6: 0.36111111 | Q6: ='14U_M_Champ'!L20&"-"&'14U_M_Champ'!C20&"-"&TEXT('14U_M_Champ'!B20,"h:mm am/pm") -> 14B-009-Group-8:40 AM | R6: ='14U_M_Champ'!L39&"-"&'14U_M_Champ'!C39&"-"&TEXT('14U_M_Champ'!B39,"h:mm am/pm") -> 14B-010-Group-8:40 AM | S6: ='14U_M_Champ'!L58&"-"&'14U_M_Champ'!C58&"-"&TEXT('14U_M_Champ'!B58,"h:mm am/pm") -> 14B-011-Group-8:40 AM | T6: ='14U_M_Champ'!L77&"-"&'14U_M_Champ'!C77&"-"&TEXT('14U_M_Champ'!B77,"h:mm am/pm") -> 14B-012-Group-8:40 AM | U6: ='14U_M_Invite_36'!L58&"-"&'14U_M_Invite_36'!C58&"-"&TEXT('14U_M_Invite_36'!B58,"h:mm am/pm") -> 14BQ-009-Group K-8:40 AM | V6: ='14U_M_Invite_36'!L38&"-"&'14U_M_Invite_36'!C38&"-"&TEXT('14U_M_Invite_36'!B38,"h:mm am/pm") -> 14BQ-008-Group F-8:40 AM | W6: ='14U_M_Invite_36'!L18&"-"&'14U_M_Invite_36'!C18&"-"&TEXT('14U_M_Invite_36'!B18,"h:mm am/pm") -> 14BQ-007-Group C-8:40 AM | X6: 0.36111111 | Z6: ='16U_M_Invite'!L85&"-"&'16U_M_Invite'!C85&"-"&TEXT('16U_M_Invite'!B85,"h:mm am/pm") -> 16BQ-012-Group-8:40 AM | AA6: ='14U_M_Classic'!L20&"-"&'14U_M_Classic'!C20&"-"&TEXT('14U_M_Classic'!B20,"h:mm am/pm") -> 14BX-012-Group-8:40 AM | AB6: ='14U_M_Classic'!L58&"-"&'14U_M_Classic'!C58&"-"&TEXT('14U_M_Classic'!B58,"h:mm am/pm") -> 14BX-010-Group-8:40 AM | AC6: ='14U_M_Classic'!L80&"-"&'14U_M_Classic'!C80&"-"&TEXT('14U_M_Classic'!B80,"h:mm am/pm") -> 14BX-009-Group-8:40 AM | AF6: ='16U_M_Invite'!L20&"-"&'16U_M_Invite'!C20&"-"&TEXT('16U_M_Invite'!B20,"h:mm am/pm") -> 16BQ-009-Group-8:40 AM | AG6: ='18U_M_Classic'!L77&"-"&'18U_M_Classic'!C77&"-"&TEXT('18U_M_Classic'!B77,"h:mm am/pm") -> 18BX-012-Group-8:40 AM | AH6: ='18U_M_Classic'!L39&"-"&'18U_M_Classic'!C39&"-"&TEXT('18U_M_Classic'!B39,"h:mm am/pm") -> 18BX-010-Group-8:40 AM | AI6: ='18U_M_Classic'!L58&"-"&'18U_M_Classic'!C58&"-"&TEXT('18U_M_Classic'!B58,"h:mm am/pm") -> 18BX-011-Group-8:40 AM | AJ6: ='18U_M_Classic'!L20&"-"&'18U_M_Classic'!C20&"-"&TEXT('18U_M_Classic'!B20,"h:mm am/pm") -> 18BX-009-Group-8:40 AM | AK6: ='16U_M_Invite'!L47&"-"&'16U_M_Invite'!C47&"-"&TEXT('16U_M_Invite'!B47,"h:mm am/pm") -> 16BQ-010-Group-8:40 AM | AL6: ='14U_M_Classic'!L39&"-"&'14U_M_Classic'!C39&"-"&TEXT('14U_M_Classic'!B39,"h:mm am/pm") -> 14BX-011-Group-8:40 AM | AM6: ='16U_M_Invite'!L66&"-"&'16U_M_Invite'!C66&"-"&TEXT('16U_M_Invite'!B66,"h:mm am/pm") -> 16BQ-011-Group-8:40 AM | AN6: ='16U_M_Classic'!L58&"-"&'16U_M_Classic'!C58&"-"&TEXT('16U_M_Classic'!B58,"h:mm am/pm") -> 16BX-011-Group-8:40 AM | AO6: ='16U_M_Classic'!L77&"-"&'16U_M_Classic'!C77&"-"&TEXT('16U_M_Classic'!B77,"h:mm am/pm") -> 16BX-012-Group-8:40 AM | AP6: ='16U_M_Classic'!L20&"-"&'16U_M_Classic'!C20&"-"&TEXT('16U_M_Classic'!B20,"h:mm am/pm") -> 16BX-009-Group-8:40 AM | AQ6: ='16U_M_Classic'!L39&"-"&'16U_M_Classic'!C39&"-"&TEXT('16U_M_Classic'!B39,"h:mm am/pm") -> 16BX-010-Group-8:40 AM | AS6: ='18U_M_INVITE_NEW_23'!L38&"-"&'18U_M_INVITE_NEW_23'!C38&"-"&TEXT('18U_M_INVITE_NEW_23'!B38,"h:mm am/pm") -> 18BQ-006-Group-8:40 AM | AT6: ='18U_M_INVITE_NEW_23'!L19&"-"&'18U_M_INVITE_NEW_23'!C19&"-"&TEXT('18U_M_INVITE_NEW_23'!B19,"h:mm am/pm") -> 18BQ-005-Group-8:40 AM | AU6: 0.36111111 | AV6: ='16U_M_Champ'!L20&"-"&'16U_M_Champ'!C20&"-"&TEXT('16U_M_Champ'!B20,"h:mm am/pm") -> 16B-009-Group-8:40 AM | AW6: ='16U_M_Champ'!L39&"-"&'16U_M_Champ'!C39&"-"&TEXT('16U_M_Champ'!B39,"h:mm am/pm") -> 16B-010-Group-8:40 AM | AX6: ='16U_M_Champ'!L58&"-"&'16U_M_Champ'!C58&"-"&TEXT('16U_M_Champ'!B58,"h:mm am/pm") -> 16B-011-Group-8:40 AM | AY6: ='16U_M_Champ'!L77&"-"&'16U_M_Champ'!C77&"-"&TEXT('16U_M_Champ'!B77,"h:mm am/pm") -> 16B-012-Group-8:40 AM | BA6: 0.375 | BB6: ='18U_M_Champ'!L20&"-"&'18U_M_Champ'!C20&"-"&TEXT('18U_M_Champ'!B20,"h:mm am/pm") -> 18B-011-Group-9:00 AM | BC6: ='18U_M_Champ'!L68&"-"&'18U_M_Champ'!C68&"-"&TEXT('18U_M_Champ'!B68,"h:mm am/pm") -> 18B-014-Group-9:00 AM | BD6: ='18U_M_Champ'!L36&"-"&'18U_M_Champ'!C36&"-"&TEXT('18U_M_Champ'!B36,"h:mm am/pm") -> 18B-012-Group-9:00 AM | BE6: ='18U_M_Champ'!L52&"-"&'18U_M_Champ'!C52&"-"&TEXT('18U_M_Champ'!B52,"h:mm am/pm") -> 18B-013-Group-9:00 AM | BF6: ='18U_M_Champ'!L84&"-"&'18U_M_Champ'!C84&"-"&TEXT('18U_M_Champ'!B84,"h:mm am/pm") -> 18B-015-Group-9:00 AM
A7: 0.39583333 | B7: ='10U_M_Champ_35'!L59&"-"&'10U_M_Champ_35'!C59&"-"&TEXT('10U_M_Champ_35'!B59,"h:mm am/pm") -> 10B-015-Group I-9:30 AM | C7: ='10U_M_Champ_35'!L19&"-"&'10U_M_Champ_35'!C19&"-"&TEXT('10U_M_Champ_35'!B19,"h:mm am/pm") -> 10B-010-Group D-9:30 AM | D7: ='10U_M_Champ_35'!L39&"-"&'10U_M_Champ_35'!C39&"-"&TEXT('10U_M_Champ_35'!B39,"h:mm am/pm") -> 10B-011-Group E-9:30 AM | E7: ='12U_M_Classic_53'!L71&"-"&'12U_M_Classic_53'!C71&"-"&TEXT('12U_M_Classic_53'!B71,"h:mm am/pm") -> 12BX-016-Group-9:30 AM | F7: ='12U_M_Classic_53'!L91&"-"&'12U_M_Classic_53'!C91&"-"&TEXT('12U_M_Classic_53'!B91,"h:mm am/pm") -> 12BX-022-Group-9:30 AM | G7: ='12U_M_Classic_53'!L111&"-"&'12U_M_Classic_53'!C111&"-"&TEXT('12U_M_Classic_53'!B111,"h:mm am/pm") -> 12BX-009-Group-9:30 AM | H7: ='12U_M_Classic_53'!L32&"-"&'12U_M_Classic_53'!C32&"-"&TEXT('12U_M_Classic_53'!B32,"h:mm am/pm") -> 12BX-015-Group-9:30 AM | I7: 0.39583333 | J7: ='12U_M_Classic_53'!L51&"-"&'12U_M_Classic_53'!C51&"-"&TEXT('12U_M_Classic_53'!B51,"h:mm am/pm") -> 12BX-019-Group-9:30 AM | K7: 0.39583333 | L7: ='12U_M_Champ'!L21&"-"&'12U_M_Champ'!C21&"-"&TEXT('12U_M_Champ'!B21,"h:mm am/pm") -> 12B-013-Group-9:30 AM | M7: ='12U_M_Champ'!L40&"-"&'12U_M_Champ'!C40&"-"&TEXT('12U_M_Champ'!B40,"h:mm am/pm") -> 12B-014-Group-9:30 AM | N7: ='12U_M_Champ'!L59&"-"&'12U_M_Champ'!C59&"-"&TEXT('12U_M_Champ'!B59,"h:mm am/pm") -> 12B-015-Group-9:30 AM | O7: ='12U_M_Champ'!L78&"-"&'12U_M_Champ'!C78&"-"&TEXT('12U_M_Champ'!B78,"h:mm am/pm") -> 12B-016-Group-9:30 AM | P7: 0.39583333 | Q7: ='14U_M_Champ'!L21&"-"&'14U_M_Champ'!C21&"-"&TEXT('14U_M_Champ'!B21,"h:mm am/pm") -> 14B-013-Group-9:30 AM | R7: ='14U_M_Champ'!L40&"-"&'14U_M_Champ'!C40&"-"&TEXT('14U_M_Champ'!B40,"h:mm am/pm") -> 14B-014-Group-9:30 AM | S7: ='14U_M_Champ'!L59&"-"&'14U_M_Champ'!C59&"-"&TEXT('14U_M_Champ'!B59,"h:mm am/pm") -> 14B-015-Group-9:30 AM | T7: ='14U_M_Champ'!L78&"-"&'14U_M_Champ'!C78&"-"&TEXT('14U_M_Champ'!B78,"h:mm am/pm") -> 14B-016-Group-9:30 AM | U7: ='14U_M_Invite_36'!L59&"-"&'14U_M_Invite_36'!C59&"-"&TEXT('14U_M_Invite_36'!B59,"h:mm am/pm") -> 14BQ-012-Group L-9:30 AM | V7: ='14U_M_Invite_36'!L39&"-"&'14U_M_Invite_36'!C39&"-"&TEXT('14U_M_Invite_36'!B39,"h:mm am/pm") -> 14BQ-011-Group E-9:30 AM | W7: ='14U_M_Invite_36'!L19&"-"&'14U_M_Invite_36'!C19&"-"&TEXT('14U_M_Invite_36'!B19,"h:mm am/pm") -> 14BQ-010-Group D-9:30 AM | X7: 0.39583333 | Z7: ='16U_M_Invite'!L86&"-"&'16U_M_Invite'!C86&"-"&TEXT('16U_M_Invite'!B86,"h:mm am/pm") -> 16BQ-016-Group-9:30 AM | AA7: ='14U_M_Classic'!L21&"-"&'14U_M_Classic'!C21&"-"&TEXT('14U_M_Classic'!B21,"h:mm am/pm") -> 14BX-016-Group-9:30 AM | AB7: ='14U_M_Classic'!L59&"-"&'14U_M_Classic'!C59&"-"&TEXT('14U_M_Classic'!B59,"h:mm am/pm") -> 14BX-014-Group-9:30 AM | AC7: ='14U_M_Classic'!L81&"-"&'14U_M_Classic'!C81&"-"&TEXT('14U_M_Classic'!B81,"h:mm am/pm") -> 14BX-013-Group-9:30 AM | AF7: ='16U_M_Invite'!L21&"-"&'16U_M_Invite'!C21&"-"&TEXT('16U_M_Invite'!B21,"h:mm am/pm") -> 16BQ-013-Group-9:30 AM | AG7: ='18U_M_Classic'!L78&"-"&'18U_M_Classic'!C78&"-"&TEXT('18U_M_Classic'!B78,"h:mm am/pm") -> 18BX-016-Group-9:30 AM | AH7: ='18U_M_Classic'!L40&"-"&'18U_M_Classic'!C40&"-"&TEXT('18U_M_Classic'!B40,"h:mm am/pm") -> 18BX-014-Group-9:30 AM | AI7: ='18U_M_Classic'!L59&"-"&'18U_M_Classic'!C59&"-"&TEXT('18U_M_Classic'!B59,"h:mm am/pm") -> 18BX-015-Group-9:30 AM | AJ7: ='18U_M_Classic'!L21&"-"&'18U_M_Classic'!C21&"-"&TEXT('18U_M_Classic'!B21,"h:mm am/pm") -> 18BX-013-Group-9:30 AM | AK7: ='16U_M_Invite'!L48&"-"&'16U_M_Invite'!C48&"-"&TEXT('16U_M_Invite'!B48,"h:mm am/pm") -> 16BQ-014-Group-9:30 AM | AL7: ='14U_M_Classic'!L40&"-"&'14U_M_Classic'!C40&"-"&TEXT('14U_M_Classic'!B40,"h:mm am/pm") -> 14BX-015-Group-9:30 AM | AM7: ='16U_M_Invite'!L67&"-"&'16U_M_Invite'!C67&"-"&TEXT('16U_M_Invite'!B67,"h:mm am/pm") -> 16BQ-015-Group-9:30 AM | AN7: ='16U_M_Classic'!L59&"-"&'16U_M_Classic'!C59&"-"&TEXT('16U_M_Classic'!B59,"h:mm am/pm") -> 16BX-015-Group-9:30 AM | AO7: ='16U_M_Classic'!L78&"-"&'16U_M_Classic'!C78&"-"&TEXT('16U_M_Classic'!B78,"h:mm am/pm") -> 16BX-016-Group-9:30 AM | AP7: ='16U_M_Classic'!L21&"-"&'16U_M_Classic'!C21&"-"&TEXT('16U_M_Classic'!B21,"h:mm am/pm") -> 16BX-013-Group-9:30 AM | AQ7: ='16U_M_Classic'!L40&"-"&'16U_M_Classic'!C40&"-"&TEXT('16U_M_Classic'!B40,"h:mm am/pm") -> 16BX-014-Group-9:30 AM | AS7: ='18U_M_INVITE_NEW_23'!L39&"-"&'18U_M_INVITE_NEW_23'!C39&"-"&TEXT('18U_M_INVITE_NEW_23'!B39,"h:mm am/pm") -> 18BQ-008-Group-9:30 AM | AT7: ='18U_M_INVITE_NEW_23'!L20&"-"&'18U_M_INVITE_NEW_23'!C20&"-"&TEXT('18U_M_INVITE_NEW_23'!B20,"h:mm am/pm") -> 18BQ-007-Group-9:30 AM | AU7: 0.39583333 | AV7: ='16U_M_Champ'!L21&"-"&'16U_M_Champ'!C21&"-"&TEXT('16U_M_Champ'!B21,"h:mm am/pm") -> 16B-013-Group-9:30 AM | AW7: ='16U_M_Champ'!L40&"-"&'16U_M_Champ'!C40&"-"&TEXT('16U_M_Champ'!B40,"h:mm am/pm") -> 16B-014-Group-9:30 AM | AX7: ='16U_M_Champ'!L59&"-"&'16U_M_Champ'!C59&"-"&TEXT('16U_M_Champ'!B59,"h:mm am/pm") -> 16B-015-Group-9:30 AM | AY7: ='16U_M_Champ'!L78&"-"&'16U_M_Champ'!C78&"-"&TEXT('16U_M_Champ'!B78,"h:mm am/pm") -> 16B-016-Group-9:30 AM | BA7: 0.41666667 | BB7: ='18U_M_Champ'!L21&"-"&'18U_M_Champ'!C21&"-"&TEXT('18U_M_Champ'!B21,"h:mm am/pm") -> 18B-016-Group-10:00 AM | BC7: ='18U_M_Champ'!L69&"-"&'18U_M_Champ'!C69&"-"&TEXT('18U_M_Champ'!B69,"h:mm am/pm") -> 18B-019-Group-10:00 AM | BD7: ='18U_M_Champ'!L37&"-"&'18U_M_Champ'!C37&"-"&TEXT('18U_M_Champ'!B37,"h:mm am/pm") -> 18B-017-Group-10:00 AM | BE7: ='18U_M_Champ'!L53&"-"&'18U_M_Champ'!C53&"-"&TEXT('18U_M_Champ'!B53,"h:mm am/pm") -> 18B-018-Group-10:00 AM | BF7: ='18U_M_Champ'!L85&"-"&'18U_M_Champ'!C85&"-"&TEXT('18U_M_Champ'!B85,"h:mm am/pm") -> 18B-020-Group-10:00 AM
A8: 0.43055556 | B8: ='10U_M_Champ_35'!L60&"-"&'10U_M_Champ_35'!C60&"-"&TEXT('10U_M_Champ_35'!B60,"h:mm am/pm") -> 10B-018-Group J-10:20 AM | C8: ='10U_M_Champ_35'!L20&"-"&'10U_M_Champ_35'!C20&"-"&TEXT('10U_M_Champ_35'!B20,"h:mm am/pm") -> 10B-013-Group A-10:20 AM | D8: ='10U_M_Champ_35'!L40&"-"&'10U_M_Champ_35'!C40&"-"&TEXT('10U_M_Champ_35'!B40,"h:mm am/pm") -> 10B-014-Group H-10:20 AM | E8: ='12U_M_Classic_53'!L72&"-"&'12U_M_Classic_53'!C72&"-"&TEXT('12U_M_Classic_53'!B72,"h:mm am/pm") -> 12BX-021-Group-10:20 AM | F8: ='12U_M_Classic_53'!L92&"-"&'12U_M_Classic_53'!C92&"-"&TEXT('12U_M_Classic_53'!B92,"h:mm am/pm") -> 12BX-027-Group-10:20 AM | G8: ='12U_M_Classic_53'!L112&"-"&'12U_M_Classic_53'!C112&"-"&TEXT('12U_M_Classic_53'!B112,"h:mm am/pm") -> 12BX-014-Group-10:20 AM | H8: ='12U_M_Classic_53'!L33&"-"&'12U_M_Classic_53'!C33&"-"&TEXT('12U_M_Classic_53'!B33,"h:mm am/pm") -> 12BX-024-Group-10:20 AM | I8: 0.43055556 | J8: ='12U_M_Classic_53'!L52&"-"&'12U_M_Classic_53'!C52&"-"&TEXT('12U_M_Classic_53'!B52,"h:mm am/pm") -> 12BX-020-Group-10:20 AM | K8: 0.43055556 | L8: ='12U_M_Champ'!L22&"-"&'12U_M_Champ'!C22&"-"&TEXT('12U_M_Champ'!B22,"h:mm am/pm") -> 12B-017-Group-10:20 AM | M8: ='12U_M_Champ'!L41&"-"&'12U_M_Champ'!C41&"-"&TEXT('12U_M_Champ'!B41,"h:mm am/pm") -> 12B-018-Group-10:20 AM | N8: ='12U_M_Champ'!L60&"-"&'12U_M_Champ'!C60&"-"&TEXT('12U_M_Champ'!B60,"h:mm am/pm") -> 12B-019-Group-10:20 AM | O8: ='12U_M_Champ'!L79&"-"&'12U_M_Champ'!C79&"-"&TEXT('12U_M_Champ'!B79,"h:mm am/pm") -> 12B-020-Group-10:20 AM | P8: 0.43055556 | Q8: ='14U_M_Champ'!L22&"-"&'14U_M_Champ'!C22&"-"&TEXT('14U_M_Champ'!B22,"h:mm am/pm") -> 14B-017-Group-10:20 AM | R8: ='14U_M_Champ'!L41&"-"&'14U_M_Champ'!C41&"-"&TEXT('14U_M_Champ'!B41,"h:mm am/pm") -> 14B-018-Group-10:20 AM | S8: ='14U_M_Champ'!L60&"-"&'14U_M_Champ'!C60&"-"&TEXT('14U_M_Champ'!B60,"h:mm am/pm") -> 14B-019-Group-10:20 AM | T8: ='14U_M_Champ'!L79&"-"&'14U_M_Champ'!C79&"-"&TEXT('14U_M_Champ'!B79,"h:mm am/pm") -> 14B-020-Group-10:20 AM | U8: ='14U_M_Invite_36'!L60&"-"&'14U_M_Invite_36'!C60&"-"&TEXT('14U_M_Invite_36'!B60,"h:mm am/pm") -> 14BQ-015-Group I-10:20 AM | V8: ='14U_M_Invite_36'!L40&"-"&'14U_M_Invite_36'!C40&"-"&TEXT('14U_M_Invite_36'!B40,"h:mm am/pm") -> 14BQ-014-Group H-10:20 AM | W8: ='14U_M_Invite_36'!L20&"-"&'14U_M_Invite_36'!C20&"-"&TEXT('14U_M_Invite_36'!B20,"h:mm am/pm") -> 14BQ-013-Group A-10:20 AM | X8: 0.43055556 | Z8: ='16U_M_Invite'!L87&"-"&'16U_M_Invite'!C87&"-"&TEXT('16U_M_Invite'!B87,"h:mm am/pm") -> 16BQ-020-Group-10:20 AM | AA8: ='14U_M_Classic'!L22&"-"&'14U_M_Classic'!C22&"-"&TEXT('14U_M_Classic'!B22,"h:mm am/pm") -> 14BX-020-Group-10:20 AM | AB8: ='14U_M_Classic'!L60&"-"&'14U_M_Classic'!C60&"-"&TEXT('14U_M_Classic'!B60,"h:mm am/pm") -> 14BX-018-Group-10:20 AM | AC8: ='14U_M_Classic'!L82&"-"&'14U_M_Classic'!C82&"-"&TEXT('14U_M_Classic'!B82,"h:mm am/pm") -> 14BX-017-Group-10:20 AM | AG8: ='18U_M_Classic'!L79&"-"&'18U_M_Classic'!C79&"-"&TEXT('18U_M_Classic'!B79,"h:mm am/pm") -> 18BX-020-Group-10:20 AM | AH8: ='18U_M_Classic'!L41&"-"&'18U_M_Classic'!C41&"-"&TEXT('18U_M_Classic'!B41,"h:mm am/pm") -> 18BX-018-Group-10:20 AM | AI8: ='18U_M_Classic'!L60&"-"&'18U_M_Classic'!C60&"-"&TEXT('18U_M_Classic'!B60,"h:mm am/pm") -> 18BX-019-Group-10:20 AM | AJ8: ='18U_M_Classic'!L22&"-"&'18U_M_Classic'!C22&"-"&TEXT('18U_M_Classic'!B22,"h:mm am/pm") -> 18BX-017-Group-10:20 AM | AK8: ='16U_M_Invite'!L49&"-"&'16U_M_Invite'!C49&"-"&TEXT('16U_M_Invite'!B49,"h:mm am/pm") -> 16BQ-018-Group-10:20 AM | AL8: ='14U_M_Classic'!L41&"-"&'14U_M_Classic'!C41&"-"&TEXT('14U_M_Classic'!B41,"h:mm am/pm") -> 14BX-019-Group-10:20 AM | AM8: ='16U_M_Invite'!L68&"-"&'16U_M_Invite'!C68&"-"&TEXT('16U_M_Invite'!B68,"h:mm am/pm") -> 16BQ-019-Group-10:20 AM | AN8: ='16U_M_Classic'!L60&"-"&'16U_M_Classic'!C60&"-"&TEXT('16U_M_Classic'!B60,"h:mm am/pm") -> 16BX-019-Group-10:20 AM | AO8: ='16U_M_Classic'!L79&"-"&'16U_M_Classic'!C79&"-"&TEXT('16U_M_Classic'!B79,"h:mm am/pm") -> 16BX-020-Group-10:20 AM | AP8: ='16U_M_Classic'!L22&"-"&'16U_M_Classic'!C22&"-"&TEXT('16U_M_Classic'!B22,"h:mm am/pm") -> 16BX-017-Group-10:20 AM | AQ8: ='16U_M_Classic'!L41&"-"&'16U_M_Classic'!C41&"-"&TEXT('16U_M_Classic'!B41,"h:mm am/pm") -> 16BX-018-Group-10:20 AM | AS8: ='18U_M_INVITE_NEW_23'!L40&"-"&'18U_M_INVITE_NEW_23'!C40&"-"&TEXT('18U_M_INVITE_NEW_23'!B40,"h:mm am/pm") -> 18BQ-010-Group-10:20 AM | AT8: ='18U_M_INVITE_NEW_23'!L21&"-"&'18U_M_INVITE_NEW_23'!C21&"-"&TEXT('18U_M_INVITE_NEW_23'!B21,"h:mm am/pm") -> 18BQ-009-Group-10:20 AM | AU8: 0.43055556 | AV8: ='16U_M_Champ'!L22&"-"&'16U_M_Champ'!C22&"-"&TEXT('16U_M_Champ'!B22,"h:mm am/pm") -> 16B-017-Group-10:20 AM | AW8: ='16U_M_Champ'!L41&"-"&'16U_M_Champ'!C41&"-"&TEXT('16U_M_Champ'!B41,"h:mm am/pm") -> 16B-018-Group-10:20 AM | AX8: ='16U_M_Champ'!L60&"-"&'16U_M_Champ'!C60&"-"&TEXT('16U_M_Champ'!B60,"h:mm am/pm") -> 16B-019-Group-10:20 AM | AY8: ='16U_M_Champ'!L79&"-"&'16U_M_Champ'!C79&"-"&TEXT('16U_M_Champ'!B79,"h:mm am/pm") -> 16B-020-Group-10:20 AM | BA8: 0.45833333 | BB8: ='18U_M_Champ'!L22&"-"&'18U_M_Champ'!C22&"-"&TEXT('18U_M_Champ'!B22,"h:mm am/pm") -> 18B-021-Group-11:00 AM | BC8: ='18U_M_Champ'!L70&"-"&'18U_M_Champ'!C70&"-"&TEXT('18U_M_Champ'!B70,"h:mm am/pm") -> 18B-024-Group-11:00 AM | BD8: ='18U_M_Champ'!L38&"-"&'18U_M_Champ'!C38&"-"&TEXT('18U_M_Champ'!B38,"h:mm am/pm") -> 18B-022-Group-11:00 AM | BE8: ='18U_M_Champ'!L54&"-"&'18U_M_Champ'!C54&"-"&TEXT('18U_M_Champ'!B54,"h:mm am/pm") -> 18B-023-Group-11:00 AM | BF8: ='18U_M_Champ'!L86&"-"&'18U_M_Champ'!C86&"-"&TEXT('18U_M_Champ'!B86,"h:mm am/pm") -> 18B-025-Group-11:00 AM
A9: 0.46527778 | B9: ='10U_M_Champ_35'!L61&"-"&'10U_M_Champ_35'!C61&"-"&TEXT('10U_M_Champ_35'!B61,"h:mm am/pm") -> 10B-021-Group K-11:10 AM | C9: ='10U_M_Champ_35'!L21&"-"&'10U_M_Champ_35'!C21&"-"&TEXT('10U_M_Champ_35'!B21,"h:mm am/pm") -> 10B-016-Group B-11:10 AM | D9: ='10U_M_Champ_35'!L41&"-"&'10U_M_Champ_35'!C41&"-"&TEXT('10U_M_Champ_35'!B41,"h:mm am/pm") -> 10B-017-Group G-11:10 AM | E9: ='12U_M_Classic_53'!L73&"-"&'12U_M_Classic_53'!C73&"-"&TEXT('12U_M_Classic_53'!B73,"h:mm am/pm") -> 12BX-026-Group-11:10 AM | F9: ='12U_M_Classic_53'!L93&"-"&'12U_M_Classic_53'!C93&"-"&TEXT('12U_M_Classic_53'!B93,"h:mm am/pm") -> 12BX-032-Group-11:10 AM | G9: ='12U_M_Classic_53'!L113&"-"&'12U_M_Classic_53'!C113&"-"&TEXT('12U_M_Classic_53'!B113,"h:mm am/pm") -> 12BX-018-Group-11:10 AM | H9: ='12U_M_Classic_53'!L34&"-"&'12U_M_Classic_53'!C34&"-"&TEXT('12U_M_Classic_53'!B34,"h:mm am/pm") -> 12BX-043-Group-11:10 AM | I9: 0.46527778 | J9: ='12U_M_Classic_53'!L53&"-"&'12U_M_Classic_53'!C53&"-"&TEXT('12U_M_Classic_53'!B53,"h:mm am/pm") -> 12BX-025-Group-11:10 AM | K9: 0.46527778 | L9: ='12U_M_Champ'!L23&"-"&'12U_M_Champ'!C23&"-"&TEXT('12U_M_Champ'!B23,"h:mm am/pm") -> 12B-021-Group-11:10 AM | M9: ='12U_M_Champ'!L42&"-"&'12U_M_Champ'!C42&"-"&TEXT('12U_M_Champ'!B42,"h:mm am/pm") -> 12B-022-Group-11:10 AM | N9: ='12U_M_Champ'!L61&"-"&'12U_M_Champ'!C61&"-"&TEXT('12U_M_Champ'!B61,"h:mm am/pm") -> 12B-023-Group-11:10 AM | O9: ='12U_M_Champ'!L80&"-"&'12U_M_Champ'!C80&"-"&TEXT('12U_M_Champ'!B80,"h:mm am/pm") -> 12B-024-Group-11:10 AM | P9: 0.46527778 | Q9: ='14U_M_Champ'!L23&"-"&'14U_M_Champ'!C23&"-"&TEXT('14U_M_Champ'!B23,"h:mm am/pm") -> 14B-021-Group-11:10 AM | R9: ='14U_M_Champ'!L42&"-"&'14U_M_Champ'!C42&"-"&TEXT('14U_M_Champ'!B42,"h:mm am/pm") -> 14B-022-Group-11:10 AM | S9: ='14U_M_Champ'!L61&"-"&'14U_M_Champ'!C61&"-"&TEXT('14U_M_Champ'!B61,"h:mm am/pm") -> 14B-023-Group-11:10 AM | T9: ='14U_M_Champ'!L80&"-"&'14U_M_Champ'!C80&"-"&TEXT('14U_M_Champ'!B80,"h:mm am/pm") -> 14B-024-Group-11:10 AM | U9: ='14U_M_Invite_36'!L61&"-"&'14U_M_Invite_36'!C61&"-"&TEXT('14U_M_Invite_36'!B61,"h:mm am/pm") -> 14BQ-018-Group J-11:10 AM | V9: ='14U_M_Invite_36'!L41&"-"&'14U_M_Invite_36'!C41&"-"&TEXT('14U_M_Invite_36'!B41,"h:mm am/pm") -> 14BQ-017-Group G-11:10 AM | W9: ='14U_M_Invite_36'!L21&"-"&'14U_M_Invite_36'!C21&"-"&TEXT('14U_M_Invite_36'!B21,"h:mm am/pm") -> 14BQ-016-Group B-11:10 AM | X9: 0.46527778 | Z9: ='16U_M_Invite'!L88&"-"&'16U_M_Invite'!C88&"-"&TEXT('16U_M_Invite'!B88,"h:mm am/pm") -> 16BQ-024-Group-11:10 AM | AA9: ='14U_M_Classic'!L23&"-"&'14U_M_Classic'!C23&"-"&TEXT('14U_M_Classic'!B23,"h:mm am/pm") -> 14BX-024-Group-11:10 AM | AB9: ='14U_M_Classic'!L61&"-"&'14U_M_Classic'!C61&"-"&TEXT('14U_M_Classic'!B61,"h:mm am/pm") -> 14BX-022-Group-11:10 AM | AC9: ='14U_M_Classic'!L83&"-"&'14U_M_Classic'!C83&"-"&TEXT('14U_M_Classic'!B83,"h:mm am/pm") -> 14BX-021-Group-11:10 AM | AG9: ='18U_M_Classic'!L80&"-"&'18U_M_Classic'!C80&"-"&TEXT('18U_M_Classic'!B80,"h:mm am/pm") -> 18BX-024-Group-11:10 AM | AH9: ='18U_M_Classic'!L42&"-"&'18U_M_Classic'!C42&"-"&TEXT('18U_M_Classic'!B42,"h:mm am/pm") -> 18BX-022-Group-11:10 AM | AI9: ='18U_M_Classic'!L61&"-"&'18U_M_Classic'!C61&"-"&TEXT('18U_M_Classic'!B61,"h:mm am/pm") -> 18BX-023-Group-11:10 AM | AJ9: ='18U_M_Classic'!L23&"-"&'18U_M_Classic'!C23&"-"&TEXT('18U_M_Classic'!B23,"h:mm am/pm") -> 18BX-021-Group-11:10 AM | AK9: ='16U_M_Invite'!L50&"-"&'16U_M_Invite'!C50&"-"&TEXT('16U_M_Invite'!B50,"h:mm am/pm") -> 16BQ-022-Group-11:10 AM | AL9: ='14U_M_Classic'!L42&"-"&'14U_M_Classic'!C42&"-"&TEXT('14U_M_Classic'!B42,"h:mm am/pm") -> 14BX-023-Group-11:10 AM | AM9: ='16U_M_Invite'!L69&"-"&'16U_M_Invite'!C69&"-"&TEXT('16U_M_Invite'!B69,"h:mm am/pm") -> 16BQ-023-Group-11:10 AM | AN9: ='16U_M_Classic'!L61&"-"&'16U_M_Classic'!C61&"-"&TEXT('16U_M_Classic'!B61,"h:mm am/pm") -> 16BX-023-Group-11:10 AM | AO9: ='16U_M_Classic'!L80&"-"&'16U_M_Classic'!C80&"-"&TEXT('16U_M_Classic'!B80,"h:mm am/pm") -> 16BX-024-Group-11:10 AM | AP9: ='16U_M_Classic'!L23&"-"&'16U_M_Classic'!C23&"-"&TEXT('16U_M_Classic'!B23,"h:mm am/pm") -> 16BX-021-Group-11:10 AM | AQ9: ='16U_M_Classic'!L42&"-"&'16U_M_Classic'!C42&"-"&TEXT('16U_M_Classic'!B42,"h:mm am/pm") -> 16BX-022-Group-11:10 AM | AS9: ='18U_M_INVITE_NEW_23'!L41&"-"&'18U_M_INVITE_NEW_23'!C41&"-"&TEXT('18U_M_INVITE_NEW_23'!B41,"h:mm am/pm") -> 18BQ-012-Group-11:10 AM | AT9: ='18U_M_INVITE_NEW_23'!L22&"-"&'18U_M_INVITE_NEW_23'!C22&"-"&TEXT('18U_M_INVITE_NEW_23'!B22,"h:mm am/pm") -> 18BQ-011-Group-11:10 AM | AU9: 0.46527778 | AV9: ='16U_M_Champ'!L23&"-"&'16U_M_Champ'!C23&"-"&TEXT('16U_M_Champ'!B23,"h:mm am/pm") -> 16B-021-Group-11:10 AM | AW9: ='16U_M_Champ'!L42&"-"&'16U_M_Champ'!C42&"-"&TEXT('16U_M_Champ'!B42,"h:mm am/pm") -> 16B-022-Group-11:10 AM | AX9: ='16U_M_Champ'!L61&"-"&'16U_M_Champ'!C61&"-"&TEXT('16U_M_Champ'!B61,"h:mm am/pm") -> 16B-023-Group-11:10 AM | AY9: ='16U_M_Champ'!L80&"-"&'16U_M_Champ'!C80&"-"&TEXT('16U_M_Champ'!B80,"h:mm am/pm") -> 16B-024-Group-11:10 AM | BA9: 0.5 | BB9: ='18U_M_Champ'!L23&"-"&'18U_M_Champ'!C23&"-"&TEXT('18U_M_Champ'!B23,"h:mm am/pm") -> 18B-026-Group-12:00 PM | BC9: ='18U_M_Champ'!L55&"-"&'18U_M_Champ'!C55&"-"&TEXT('18U_M_Champ'!B55,"h:mm am/pm") -> 18B-029-Group-12:00 PM | BD9: ='18U_M_Champ'!L39&"-"&'18U_M_Champ'!C39&"-"&TEXT('18U_M_Champ'!B39,"h:mm am/pm") -> 18B-027-Group-12:00 PM | BE9: ='18U_M_Champ'!L71&"-"&'18U_M_Champ'!C71&"-"&TEXT('18U_M_Champ'!B71,"h:mm am/pm") -> 18B-028-Group-12:00 PM | BF9: ='18U_M_Champ'!L87&"-"&'18U_M_Champ'!C87&"-"&TEXT('18U_M_Champ'!B87,"h:mm am/pm") -> 18B-030-Group-12:00 PM
A10: 0.5 | B10: ='10U_M_Champ_35'!L62&"-"&'10U_M_Champ_35'!C62&"-"&TEXT('10U_M_Champ_35'!B62,"h:mm am/pm") -> 10B-024-Group L-12:00 PM | C10: ='10U_M_Champ_35'!L22&"-"&'10U_M_Champ_35'!C22&"-"&TEXT('10U_M_Champ_35'!B22,"h:mm am/pm") -> 10B-019-Group C-12:00 PM | D10: ='10U_M_Champ_35'!L42&"-"&'10U_M_Champ_35'!C42&"-"&TEXT('10U_M_Champ_35'!B42,"h:mm am/pm") -> 10B-020-Group F-12:00 PM | E10: ='12U_M_Classic_53'!L74&"-"&'12U_M_Classic_53'!C74&"-"&TEXT('12U_M_Classic_53'!B74,"h:mm am/pm") -> 12BX-031-Group-12:00 PM | F10: ='12U_M_Classic_53'!L94&"-"&'12U_M_Classic_53'!C94&"-"&TEXT('12U_M_Classic_53'!B94,"h:mm am/pm") -> 12BX-32A-Group-12:00 PM | G10: ='12U_M_Classic_53'!L114&"-"&'12U_M_Classic_53'!C114&"-"&TEXT('12U_M_Classic_53'!B114,"h:mm am/pm") -> 12BX-023-Group-12:00 PM | H10: ='12U_M_Classic_53'!L35&"-"&'12U_M_Classic_53'!C35&"-"&TEXT('12U_M_Classic_53'!B35,"h:mm am/pm") -> 12BX-029-Group-12:00 PM | I10: 0.5 | J10: ='12U_M_Classic_53'!L54&"-"&'12U_M_Classic_53'!C54&"-"&TEXT('12U_M_Classic_53'!B54,"h:mm am/pm") -> 12BX-030-Group-12:00 PM | K10: 0.5 | L10: ='12U_M_Champ'!L24&"-"&'12U_M_Champ'!C24&"-"&TEXT('12U_M_Champ'!B24,"h:mm am/pm") -> 12B-025-Group-12:00 PM | M10: ='12U_M_Champ'!L43&"-"&'12U_M_Champ'!C43&"-"&TEXT('12U_M_Champ'!B43,"h:mm am/pm") -> 12B-026-Group-12:00 PM | N10: ='12U_M_Champ'!L62&"-"&'12U_M_Champ'!C62&"-"&TEXT('12U_M_Champ'!B62,"h:mm am/pm") -> 12B-027-Group-12:00 PM | O10: ='12U_M_Champ'!L81&"-"&'12U_M_Champ'!C81&"-"&TEXT('12U_M_Champ'!B81,"h:mm am/pm") -> 12B-028-Group-12:00 PM | P10: 0.5 | Q10: ='14U_M_Champ'!L24&"-"&'14U_M_Champ'!C24&"-"&TEXT('14U_M_Champ'!B24,"h:mm am/pm") -> 14B-025-Group-12:00 PM | R10: ='14U_M_Champ'!L43&"-"&'14U_M_Champ'!C43&"-"&TEXT('14U_M_Champ'!B43,"h:mm am/pm") -> 14B-026-Group-12:00 PM | S10: ='14U_M_Champ'!L62&"-"&'14U_M_Champ'!C62&"-"&TEXT('14U_M_Champ'!B62,"h:mm am/pm") -> 14B-027-Group-12:00 PM | T10: ='14U_M_Champ'!L81&"-"&'14U_M_Champ'!C81&"-"&TEXT('14U_M_Champ'!B81,"h:mm am/pm") -> 14B-028-Group-12:00 PM | U10: ='14U_M_Invite_36'!L62&"-"&'14U_M_Invite_36'!C62&"-"&TEXT('14U_M_Invite_36'!B62,"h:mm am/pm") -> 14BQ-021-Group K-12:00 PM | V10: ='14U_M_Invite_36'!L42&"-"&'14U_M_Invite_36'!C42&"-"&TEXT('14U_M_Invite_36'!B42,"h:mm am/pm") -> 14BQ-020-Group F-12:00 PM | W10: ='14U_M_Invite_36'!L22&"-"&'14U_M_Invite_36'!C22&"-"&TEXT('14U_M_Invite_36'!B22,"h:mm am/pm") -> 14BQ-019-Group C-12:00 PM | X10: 0.5 | Z10: ='16U_M_Invite'!L89&"-"&'16U_M_Invite'!C89&"-"&TEXT('16U_M_Invite'!B89,"h:mm am/pm") -> 16BQ-028-Group-12:00 PM | AA10: ='14U_M_Classic'!L24&"-"&'14U_M_Classic'!C24&"-"&TEXT('14U_M_Classic'!B24,"h:mm am/pm") -> 14BX-028-Group-12:00 PM | AB10: ='14U_M_Classic'!L62&"-"&'14U_M_Classic'!C62&"-"&TEXT('14U_M_Classic'!B62,"h:mm am/pm") -> 14BX-026-Group-12:00 PM | AC10: ='14U_M_Classic'!L84&"-"&'14U_M_Classic'!C84&"-"&TEXT('14U_M_Classic'!B84,"h:mm am/pm") -> 14BX-025-Group-12:00 PM | AE10: ='16U_M_Invite'!L31&"-"&'16U_M_Invite'!C31&"-"&TEXT('16U_M_Invite'!B31,"h:mm am/pm") -> 16BQ-017-Group-12:30 PM | AG10: ='18U_M_Classic'!L81&"-"&'18U_M_Classic'!C81&"-"&TEXT('18U_M_Classic'!B81,"h:mm am/pm") -> 18BX-028-Group-12:00 PM | AH10: ='18U_M_Classic'!L43&"-"&'18U_M_Classic'!C43&"-"&TEXT('18U_M_Classic'!B43,"h:mm am/pm") -> 18BX-026-Group-12:00 PM | AI10: ='18U_M_Classic'!L62&"-"&'18U_M_Classic'!C62&"-"&TEXT('18U_M_Classic'!B62,"h:mm am/pm") -> 18BX-027-Group-12:00 PM | AJ10: ='18U_M_Classic'!L24&"-"&'18U_M_Classic'!C24&"-"&TEXT('18U_M_Classic'!B24,"h:mm am/pm") -> 18BX-025-Group-12:00 PM | AK10: ='16U_M_Invite'!L51&"-"&'16U_M_Invite'!C51&"-"&TEXT('16U_M_Invite'!B51,"h:mm am/pm") -> 16BQ-026-Group-12:00 PM | AL10: ='14U_M_Classic'!L43&"-"&'14U_M_Classic'!C43&"-"&TEXT('14U_M_Classic'!B43,"h:mm am/pm") -> 14BX-027-Group-12:00 PM | AM10: ='16U_M_Invite'!L70&"-"&'16U_M_Invite'!C70&"-"&TEXT('16U_M_Invite'!B70,"h:mm am/pm") -> 16BQ-027-Group-12:00 PM | AN10: ='16U_M_Classic'!L62&"-"&'16U_M_Classic'!C62&"-"&TEXT('16U_M_Classic'!B62,"h:mm am/pm") -> 16BX-027-Group-12:00 PM | AO10: ='16U_M_Classic'!L81&"-"&'16U_M_Classic'!C81&"-"&TEXT('16U_M_Classic'!B81,"h:mm am/pm") -> 16BX-028-Group-12:00 PM | AP10: ='16U_M_Classic'!L24&"-"&'16U_M_Classic'!C24&"-"&TEXT('16U_M_Classic'!B24,"h:mm am/pm") -> 16BX-025-Group-12:00 PM | AQ10: ='16U_M_Classic'!L43&"-"&'16U_M_Classic'!C43&"-"&TEXT('16U_M_Classic'!B43,"h:mm am/pm") -> 16BX-026-Group-12:00 PM | AT10: ='18U_M_INVITE_NEW_23'!L23&"-"&'18U_M_INVITE_NEW_23'!C23&"-"&TEXT('18U_M_INVITE_NEW_23'!B23,"h:mm am/pm") -> 18BQ-013-Group-12:00 PM | AU10: 0.5 | AV10: ='16U_M_Champ'!L24&"-"&'16U_M_Champ'!C24&"-"&TEXT('16U_M_Champ'!B24,"h:mm am/pm") -> 16B-025-Group-12:00 PM | AW10: ='16U_M_Champ'!L43&"-"&'16U_M_Champ'!C43&"-"&TEXT('16U_M_Champ'!B43,"h:mm am/pm") -> 16B-026-Group-12:00 PM | AX10: ='16U_M_Champ'!L62&"-"&'16U_M_Champ'!C62&"-"&TEXT('16U_M_Champ'!B62,"h:mm am/pm") -> 16B-027-Group-12:00 PM | AY10: ='16U_M_Champ'!L81&"-"&'16U_M_Champ'!C81&"-"&TEXT('16U_M_Champ'!B81,"h:mm am/pm") -> 16B-028-Group-12:00 PM | BA10: 0.54166667 | BB10: ='18U_M_Champ'!L24&"-"&'18U_M_Champ'!C24&"-"&TEXT('18U_M_Champ'!B24,"h:mm am/pm") -> 18B-031-Group-1:00 PM | BC10: ='18U_M_Champ'!L72&"-"&'18U_M_Champ'!C72&"-"&TEXT('18U_M_Champ'!B72,"h:mm am/pm") -> 18B-034-Group-1:00 PM | BD10: ='18U_M_Champ'!L40&"-"&'18U_M_Champ'!C40&"-"&TEXT('18U_M_Champ'!B40,"h:mm am/pm") -> 18B-032-Group-1:00 PM | BE10: ='18U_M_Champ'!L56&"-"&'18U_M_Champ'!C56&"-"&TEXT('18U_M_Champ'!B56,"h:mm am/pm") -> 18B-033-Group-1:00 PM | BF10: ='18U_M_Champ'!L88&"-"&'18U_M_Champ'!C88&"-"&TEXT('18U_M_Champ'!B88,"h:mm am/pm") -> 18B-035-Group-1:00 PM
A11: 0.53472222 | B11: ='10U_M_Champ_35'!L63&"-"&'10U_M_Champ_35'!C63&"-"&TEXT('10U_M_Champ_35'!B63,"h:mm am/pm") -> 10B-027-Group I-12:50 PM | C11: ='10U_M_Champ_35'!L23&"-"&'10U_M_Champ_35'!C23&"-"&TEXT('10U_M_Champ_35'!B23,"h:mm am/pm") -> 10B-022-Group D-12:50 PM | D11: ='10U_M_Champ_35'!L43&"-"&'10U_M_Champ_35'!C43&"-"&TEXT('10U_M_Champ_35'!B43,"h:mm am/pm") -> 10B-023-Group E-12:50 PM | E11: ='12U_M_Classic_53'!L75&"-"&'12U_M_Classic_53'!C75&"-"&TEXT('12U_M_Classic_53'!B75,"h:mm am/pm") -> 12BX-035-Group-12:50 PM | F11: ='12U_M_Classic_53'!L95&"-"&'12U_M_Classic_53'!C95&"-"&TEXT('12U_M_Classic_53'!B95,"h:mm am/pm") -> 12BX-036-Group-12:50 PM | G11: ='12U_M_Classic_53'!L115&"-"&'12U_M_Classic_53'!C115&"-"&TEXT('12U_M_Classic_53'!B115,"h:mm am/pm") -> 12BX-028-Group-12:50 PM | H11: ='12U_M_Classic_53'!L36&"-"&'12U_M_Classic_53'!C36&"-"&TEXT('12U_M_Classic_53'!B36,"h:mm am/pm") -> 12BX-034-Group-12:50 PM | I11: 0.53472222 | J11: ='12U_M_Classic_53'!L55&"-"&'12U_M_Classic_53'!C55&"-"&TEXT('12U_M_Classic_53'!B55,"h:mm am/pm") -> 12BX-038-Group-12:50 PM | K11: 0.53472222 | L11: ='12U_M_Champ'!L25&"-"&'12U_M_Champ'!C25&"-"&TEXT('12U_M_Champ'!B25,"h:mm am/pm") -> 12B-029-Group-12:50 PM | M11: ='12U_M_Champ'!L44&"-"&'12U_M_Champ'!C44&"-"&TEXT('12U_M_Champ'!B44,"h:mm am/pm") -> 12B-030-Group-12:50 PM | N11: ='12U_M_Champ'!L63&"-"&'12U_M_Champ'!C63&"-"&TEXT('12U_M_Champ'!B63,"h:mm am/pm") -> 12B-031-Group-12:50 PM | O11: ='12U_M_Champ'!L82&"-"&'12U_M_Champ'!C82&"-"&TEXT('12U_M_Champ'!B82,"h:mm am/pm") -> 12B-032-Group-12:50 PM | P11: 0.53472222 | Q11: ='14U_M_Champ'!L25&"-"&'14U_M_Champ'!C25&"-"&TEXT('14U_M_Champ'!B25,"h:mm am/pm") -> 14B-029-Group-12:50 PM | R11: ='14U_M_Champ'!L44&"-"&'14U_M_Champ'!C44&"-"&TEXT('14U_M_Champ'!B44,"h:mm am/pm") -> 14B-030-Group-12:50 PM | S11: ='14U_M_Champ'!L63&"-"&'14U_M_Champ'!C63&"-"&TEXT('14U_M_Champ'!B63,"h:mm am/pm") -> 14B-031-Group-12:50 PM | T11: ='14U_M_Champ'!L82&"-"&'14U_M_Champ'!C82&"-"&TEXT('14U_M_Champ'!B82,"h:mm am/pm") -> 14B-032-Group-12:50 PM | U11: ='14U_M_Invite_36'!L63&"-"&'14U_M_Invite_36'!C63&"-"&TEXT('14U_M_Invite_36'!B63,"h:mm am/pm") -> 14BQ-024-Group L-12:50 PM | V11: ='14U_M_Invite_36'!L43&"-"&'14U_M_Invite_36'!C43&"-"&TEXT('14U_M_Invite_36'!B43,"h:mm am/pm") -> 14BQ-023-Group E-12:50 PM | W11: ='14U_M_Invite_36'!L23&"-"&'14U_M_Invite_36'!C23&"-"&TEXT('14U_M_Invite_36'!B23,"h:mm am/pm") -> 14BQ-022-Group D-12:50 PM | X11: 0.53472222 | Z11: ='16U_M_Invite'!L90&"-"&'16U_M_Invite'!C90&"-"&TEXT('16U_M_Invite'!B90,"h:mm am/pm") -> 16BQ-032-Group-12:50 PM | AA11: ='14U_M_Classic'!L25&"-"&'14U_M_Classic'!C25&"-"&TEXT('14U_M_Classic'!B25,"h:mm am/pm") -> 14BX-032-Group-12:50 PM | AB11: ='14U_M_Classic'!L63&"-"&'14U_M_Classic'!C63&"-"&TEXT('14U_M_Classic'!B63,"h:mm am/pm") -> 14BX-030-Group-12:50 PM | AC11: ='14U_M_Classic'!L85&"-"&'14U_M_Classic'!C85&"-"&TEXT('14U_M_Classic'!B85,"h:mm am/pm") -> 14BX-029-Group-12:50 PM | AE11: ='16U_M_Invite'!L32&"-"&'16U_M_Invite'!C32&"-"&TEXT('16U_M_Invite'!B32,"h:mm am/pm") -> 16BQ-021-Group-1:20 PM | AG11: ='18U_M_Classic'!L82&"-"&'18U_M_Classic'!C82&"-"&TEXT('18U_M_Classic'!B82,"h:mm am/pm") -> 18BX-032-Group-12:50 PM | AH11: ='18U_M_Classic'!L44&"-"&'18U_M_Classic'!C44&"-"&TEXT('18U_M_Classic'!B44,"h:mm am/pm") -> 18BX-030-Group-12:50 PM | AI11: ='18U_M_Classic'!L63&"-"&'18U_M_Classic'!C63&"-"&TEXT('18U_M_Classic'!B63,"h:mm am/pm") -> 18BX-031-Group-12:50 PM | AJ11: ='18U_M_Classic'!L25&"-"&'18U_M_Classic'!C25&"-"&TEXT('18U_M_Classic'!B25,"h:mm am/pm") -> 18BX-029-Group-12:50 PM | AK11: ='16U_M_Invite'!L52&"-"&'16U_M_Invite'!C52&"-"&TEXT('16U_M_Invite'!B52,"h:mm am/pm") -> 16BQ-030-Group-12:50 PM | AL11: ='14U_M_Classic'!L44&"-"&'14U_M_Classic'!C44&"-"&TEXT('14U_M_Classic'!B44,"h:mm am/pm") -> 14BX-031-Group-12:50 PM | AM11: ='16U_M_Invite'!L71&"-"&'16U_M_Invite'!C71&"-"&TEXT('16U_M_Invite'!B71,"h:mm am/pm") -> 16BQ-031-Group-12:50 PM | AN11: ='16U_M_Classic'!L63&"-"&'16U_M_Classic'!C63&"-"&TEXT('16U_M_Classic'!B63,"h:mm am/pm") -> 16BX-031-Group-12:50 PM | AO11: ='16U_M_Classic'!L82&"-"&'16U_M_Classic'!C82&"-"&TEXT('16U_M_Classic'!B82,"h:mm am/pm") -> 16BX-032-Group-12:50 PM | AP11: ='16U_M_Classic'!L25&"-"&'16U_M_Classic'!C25&"-"&TEXT('16U_M_Classic'!B25,"h:mm am/pm") -> 16BX-029-Group-12:50 PM | AQ11: ='16U_M_Classic'!L44&"-"&'16U_M_Classic'!C44&"-"&TEXT('16U_M_Classic'!B44,"h:mm am/pm") -> 16BX-030-Group-12:50 PM | AR11: ='18U_M_INVITE_NEW_23'!L45&"-"&'18U_M_INVITE_NEW_23'!C45&"-"&TEXT('18U_M_INVITE_NEW_23'!B45,"h:mm am/pm") -> 18BQ-014-Group-1:00 PM | AT11: ='18U_M_INVITE_NEW_23'!L24&"-"&'18U_M_INVITE_NEW_23'!C24&"-"&TEXT('18U_M_INVITE_NEW_23'!B24,"h:mm am/pm") -> 18BQ-015-Group-12:50 PM | AU11: 0.53472222 | AV11: ='16U_M_Champ'!L25&"-"&'16U_M_Champ'!C25&"-"&TEXT('16U_M_Champ'!B25,"h:mm am/pm") -> 16B-029-Group-12:50 PM | AW11: ='16U_M_Champ'!L44&"-"&'16U_M_Champ'!C44&"-"&TEXT('16U_M_Champ'!B44,"h:mm am/pm") -> 16B-030-Group-12:50 PM | AX11: ='16U_M_Champ'!L63&"-"&'16U_M_Champ'!C63&"-"&TEXT('16U_M_Champ'!B63,"h:mm am/pm") -> 16B-031-Group-12:50 PM | AY11: ='16U_M_Champ'!L82&"-"&'16U_M_Champ'!C82&"-"&TEXT('16U_M_Champ'!B82,"h:mm am/pm") -> 16B-032-Group-12:50 PM | BA11: 0.58333333 | BB11: ='18U_M_Champ'!L25&"-"&'18U_M_Champ'!C25&"-"&TEXT('18U_M_Champ'!B25,"h:mm am/pm") -> 18B-036-Group-2:00 PM | BC11: ='18U_M_Champ'!L73&"-"&'18U_M_Champ'!C73&"-"&TEXT('18U_M_Champ'!B73,"h:mm am/pm") -> 18B-039-Group-2:00 PM | BD11: ='18U_M_Champ'!L41&"-"&'18U_M_Champ'!C41&"-"&TEXT('18U_M_Champ'!B41,"h:mm am/pm") -> 18B-037-Group-2:00 PM | BE11: ='18U_M_Champ'!L57&"-"&'18U_M_Champ'!C57&"-"&TEXT('18U_M_Champ'!B57,"h:mm am/pm") -> 18B-038-Group-2:00 PM | BF11: ='18U_M_Champ'!L89&"-"&'18U_M_Champ'!C89&"-"&TEXT('18U_M_Champ'!B89,"h:mm am/pm") -> 18B-040-Group-2:00 PM
A12: 0.56944444 | B12: ='10U_M_Champ_35'!L64&"-"&'10U_M_Champ_35'!C64&"-"&TEXT('10U_M_Champ_35'!B64,"h:mm am/pm") -> 10B-030-Group J-1:40 PM | C12: ='10U_M_Champ_35'!L24&"-"&'10U_M_Champ_35'!C24&"-"&TEXT('10U_M_Champ_35'!B24,"h:mm am/pm") -> 10B-025-Group A-1:40 PM | D12: ='10U_M_Champ_35'!L44&"-"&'10U_M_Champ_35'!C44&"-"&TEXT('10U_M_Champ_35'!B44,"h:mm am/pm") -> 10B-026-Group H-1:40 PM | E12: ='12U_M_Classic_53'!L76&"-"&'12U_M_Classic_53'!C76&"-"&TEXT('12U_M_Classic_53'!B76,"h:mm am/pm") -> 12BX-040-Group-1:40 PM | F12: ='12U_M_Classic_53'!L96&"-"&'12U_M_Classic_53'!C96&"-"&TEXT('12U_M_Classic_53'!B96,"h:mm am/pm") -> 12BX-041-Group-1:40 PM | G12: ='12U_M_Classic_53'!L116&"-"&'12U_M_Classic_53'!C116&"-"&TEXT('12U_M_Classic_53'!B116,"h:mm am/pm") -> 12BX-033-Group-1:40 PM | H12: ='12U_M_Classic_53'!L37&"-"&'12U_M_Classic_53'!C37&"-"&TEXT('12U_M_Classic_53'!B37,"h:mm am/pm") -> 12BX-53A-Group-1:40 PM | I12: 0.56944444 | J12: ='12U_M_Classic_53'!L56&"-"&'12U_M_Classic_53'!C56&"-"&TEXT('12U_M_Classic_53'!B56,"h:mm am/pm") -> 12BX-039-Group-1:40 PM | K12: 0.56944444 | L12: ='12U_M_Champ'!L26&"-"&'12U_M_Champ'!C26&"-"&TEXT('12U_M_Champ'!B26,"h:mm am/pm") -> 12B-033-Group-1:40 PM | M12: ='12U_M_Champ'!L45&"-"&'12U_M_Champ'!C45&"-"&TEXT('12U_M_Champ'!B45,"h:mm am/pm") -> 12B-034-Group-1:40 PM | N12: ='12U_M_Champ'!L64&"-"&'12U_M_Champ'!C64&"-"&TEXT('12U_M_Champ'!B64,"h:mm am/pm") -> 12B-035-Group-1:40 PM | O12: ='12U_M_Champ'!L83&"-"&'12U_M_Champ'!C83&"-"&TEXT('12U_M_Champ'!B83,"h:mm am/pm") -> 12B-036-Group-1:40 PM | P12: 0.56944444 | Q12: ='14U_M_Champ'!L26&"-"&'14U_M_Champ'!C26&"-"&TEXT('14U_M_Champ'!B26,"h:mm am/pm") -> 14B-033-Group-1:40 PM | R12: ='14U_M_Champ'!L45&"-"&'14U_M_Champ'!C45&"-"&TEXT('14U_M_Champ'!B45,"h:mm am/pm") -> 14B-034-Group-1:40 PM | S12: ='14U_M_Champ'!L64&"-"&'14U_M_Champ'!C64&"-"&TEXT('14U_M_Champ'!B64,"h:mm am/pm") -> 14B-035-Group-1:40 PM | T12: ='14U_M_Champ'!L83&"-"&'14U_M_Champ'!C83&"-"&TEXT('14U_M_Champ'!B83,"h:mm am/pm") -> 14B-036-Group-1:40 PM | U12: ='14U_M_Invite_36'!L64&"-"&'14U_M_Invite_36'!C64&"-"&TEXT('14U_M_Invite_36'!B64,"h:mm am/pm") -> 14BQ-027-Group I-1:40 PM | V12: ='14U_M_Invite_36'!L44&"-"&'14U_M_Invite_36'!C44&"-"&TEXT('14U_M_Invite_36'!B44,"h:mm am/pm") -> 14BQ-026-Group H-1:40 PM | W12: ='14U_M_Invite_36'!L24&"-"&'14U_M_Invite_36'!C24&"-"&TEXT('14U_M_Invite_36'!B24,"h:mm am/pm") -> 14BQ-025-Group A-1:40 PM | X12: 0.56944444 | Z12: ='16U_M_Invite'!L91&"-"&'16U_M_Invite'!C91&"-"&TEXT('16U_M_Invite'!B91,"h:mm am/pm") -> 16BQ-036-Group-1:40 PM | AA12: ='14U_M_Classic'!L26&"-"&'14U_M_Classic'!C26&"-"&TEXT('14U_M_Classic'!B26,"h:mm am/pm") -> 14BX-036-Group-1:40 PM | AB12: ='14U_M_Classic'!L64&"-"&'14U_M_Classic'!C64&"-"&TEXT('14U_M_Classic'!B64,"h:mm am/pm") -> 14BX-034-Group-1:40 PM | AC12: ='14U_M_Classic'!L86&"-"&'14U_M_Classic'!C86&"-"&TEXT('14U_M_Classic'!B86,"h:mm am/pm") -> 14BX-033-Group-1:40 PM | AE12: ='16U_M_Invite'!L33&"-"&'16U_M_Invite'!C33&"-"&TEXT('16U_M_Invite'!B33,"h:mm am/pm") -> 16BQ-025-Group-2:10 PM | AG12: ='18U_M_Classic'!L83&"-"&'18U_M_Classic'!C83&"-"&TEXT('18U_M_Classic'!B83,"h:mm am/pm") -> 18BX-036-Group-1:40 PM | AH12: ='18U_M_Classic'!L45&"-"&'18U_M_Classic'!C45&"-"&TEXT('18U_M_Classic'!B45,"h:mm am/pm") -> 18BX-034-Group-1:40 PM | AI12: ='18U_M_Classic'!L64&"-"&'18U_M_Classic'!C64&"-"&TEXT('18U_M_Classic'!B64,"h:mm am/pm") -> 18BX-035-Group-1:40 PM | AJ12: ='18U_M_Classic'!L26&"-"&'18U_M_Classic'!C26&"-"&TEXT('18U_M_Classic'!B26,"h:mm am/pm") -> 18BX-033-Group-1:40 PM | AK12: ='16U_M_Invite'!L53&"-"&'16U_M_Invite'!C53&"-"&TEXT('16U_M_Invite'!B53,"h:mm am/pm") -> 16BQ-034-Group-1:40 PM | AL12: ='14U_M_Classic'!L45&"-"&'14U_M_Classic'!C45&"-"&TEXT('14U_M_Classic'!B45,"h:mm am/pm") -> 14BX-035-Group-1:40 PM | AM12: ='16U_M_Invite'!L72&"-"&'16U_M_Invite'!C72&"-"&TEXT('16U_M_Invite'!B72,"h:mm am/pm") -> 16BQ-035-Group-1:40 PM | AN12: ='16U_M_Classic'!L64&"-"&'16U_M_Classic'!C64&"-"&TEXT('16U_M_Classic'!B64,"h:mm am/pm") -> 16BX-035-Group-1:40 PM | AO12: ='16U_M_Classic'!L83&"-"&'16U_M_Classic'!C83&"-"&TEXT('16U_M_Classic'!B83,"h:mm am/pm") -> 16BX-036-Group-1:40 PM | AP12: ='16U_M_Classic'!L26&"-"&'16U_M_Classic'!C26&"-"&TEXT('16U_M_Classic'!B26,"h:mm am/pm") -> 16BX-033-Group-1:40 PM | AQ12: ='16U_M_Classic'!L45&"-"&'16U_M_Classic'!C45&"-"&TEXT('16U_M_Classic'!B45,"h:mm am/pm") -> 16BX-034-Group-1:40 PM | AR12: ='18U_M_INVITE_NEW_23'!L46&"-"&'18U_M_INVITE_NEW_23'!C46&"-"&TEXT('18U_M_INVITE_NEW_23'!B46,"h:mm am/pm") -> 18BQ-016-Group-1:50 PM | AT12: ='18U_M_INVITE_NEW_23'!L25&"-"&'18U_M_INVITE_NEW_23'!C25&"-"&TEXT('18U_M_INVITE_NEW_23'!B25,"h:mm am/pm") -> 18BQ-017-Group-1:40 PM | AU12: 0.56944444 | AV12: ='16U_M_Champ'!L26&"-"&'16U_M_Champ'!C26&"-"&TEXT('16U_M_Champ'!B26,"h:mm am/pm") -> 16B-033-Group-1:40 PM | AW12: ='16U_M_Champ'!L45&"-"&'16U_M_Champ'!C45&"-"&TEXT('16U_M_Champ'!B45,"h:mm am/pm") -> 16B-034-Group-1:40 PM | AX12: ='16U_M_Champ'!L64&"-"&'16U_M_Champ'!C64&"-"&TEXT('16U_M_Champ'!B64,"h:mm am/pm") -> 16B-035-Group-1:40 PM | AY12: ='16U_M_Champ'!L83&"-"&'16U_M_Champ'!C83&"-"&TEXT('16U_M_Champ'!B83,"h:mm am/pm") -> 16B-036-Group-1:40 PM | BA12: 0.625 | BB12: ='18U_M_Champ'!L26&"-"&'18U_M_Champ'!C26&"-"&TEXT('18U_M_Champ'!B26,"h:mm am/pm") -> 18B-041-Group-3:00 PM | BC12: ='18U_M_Champ'!L74&"-"&'18U_M_Champ'!C74&"-"&TEXT('18U_M_Champ'!B74,"h:mm am/pm") -> 18B-044-Group-3:00 PM | BD12: ='18U_M_Champ'!L42&"-"&'18U_M_Champ'!C42&"-"&TEXT('18U_M_Champ'!B42,"h:mm am/pm") -> 18B-042-Group-3:00 PM | BE12: ='18U_M_Champ'!L58&"-"&'18U_M_Champ'!C58&"-"&TEXT('18U_M_Champ'!B58,"h:mm am/pm") -> 18B-043-Group-3:00 PM
A13: 0.60416667 | B13: ='10U_M_Champ_35'!L65&"-"&'10U_M_Champ_35'!C65&"-"&TEXT('10U_M_Champ_35'!B65,"h:mm am/pm") -> 10B-036-Group L-2:30 PM | C13: ='10U_M_Champ_35'!L25&"-"&'10U_M_Champ_35'!C25&"-"&TEXT('10U_M_Champ_35'!B25,"h:mm am/pm") -> 10B-028-Group B-2:30 PM | D13: ='10U_M_Champ_35'!L45&"-"&'10U_M_Champ_35'!C45&"-"&TEXT('10U_M_Champ_35'!B45,"h:mm am/pm") -> 10B-029-Group G-2:30 PM | E13: ='12U_M_Classic_53'!L77&"-"&'12U_M_Classic_53'!C77&"-"&TEXT('12U_M_Classic_53'!B77,"h:mm am/pm") -> 12BX-045-Group-2:30 PM | F13: ='12U_M_Classic_53'!L97&"-"&'12U_M_Classic_53'!C97&"-"&TEXT('12U_M_Classic_53'!B97,"h:mm am/pm") -> 12BX-046-Group-2:30 PM | G13: ='12U_M_Classic_53'!L117&"-"&'12U_M_Classic_53'!C117&"-"&TEXT('12U_M_Classic_53'!B117,"h:mm am/pm") -> 12BX-037-Group-2:30 PM | H13: ='12U_M_Classic_53'!L38&"-"&'12U_M_Classic_53'!C38&"-"&TEXT('12U_M_Classic_53'!B38,"h:mm am/pm") -> 12BX-53B-Group-2:30 PM | I13: 0.60416667 | J13: ='12U_M_Classic_53'!L57&"-"&'12U_M_Classic_53'!C57&"-"&TEXT('12U_M_Classic_53'!B57,"h:mm am/pm") -> 12BX-044-Group-2:30 PM | K13: 0.60416667 | L13: ='12U_M_Champ'!L27&"-"&'12U_M_Champ'!C27&"-"&TEXT('12U_M_Champ'!B27,"h:mm am/pm") -> 12B-037-Group-2:30 PM | M13: ='12U_M_Champ'!L46&"-"&'12U_M_Champ'!C46&"-"&TEXT('12U_M_Champ'!B46,"h:mm am/pm") -> 12B-038-Group-2:30 PM | N13: ='12U_M_Champ'!L65&"-"&'12U_M_Champ'!C65&"-"&TEXT('12U_M_Champ'!B65,"h:mm am/pm") -> 12B-039-Group-2:30 PM | O13: ='12U_M_Champ'!L84&"-"&'12U_M_Champ'!C84&"-"&TEXT('12U_M_Champ'!B84,"h:mm am/pm") -> 12B-040-Group-2:30 PM | P13: 0.60416667 | Q13: ='14U_M_Champ'!L27&"-"&'14U_M_Champ'!C27&"-"&TEXT('14U_M_Champ'!B27,"h:mm am/pm") -> 14B-037-Group-2:30 PM | R13: ='14U_M_Champ'!L46&"-"&'14U_M_Champ'!C46&"-"&TEXT('14U_M_Champ'!B46,"h:mm am/pm") -> 14B-038-Group-2:30 PM | S13: ='14U_M_Champ'!L65&"-"&'14U_M_Champ'!C65&"-"&TEXT('14U_M_Champ'!B65,"h:mm am/pm") -> 14B-039-Group-2:30 PM | T13: ='14U_M_Champ'!L84&"-"&'14U_M_Champ'!C84&"-"&TEXT('14U_M_Champ'!B84,"h:mm am/pm") -> 14B-040-Group-2:30 PM | U13: ='14U_M_Invite_36'!L65&"-"&'14U_M_Invite_36'!C65&"-"&TEXT('14U_M_Invite_36'!B65,"h:mm am/pm") -> 14BQ-030-Group J-2:30 PM | V13: ='14U_M_Invite_36'!L45&"-"&'14U_M_Invite_36'!C45&"-"&TEXT('14U_M_Invite_36'!B45,"h:mm am/pm") -> 14BQ-029-Group G-2:30 PM | W13: ='14U_M_Invite_36'!L25&"-"&'14U_M_Invite_36'!C25&"-"&TEXT('14U_M_Invite_36'!B25,"h:mm am/pm") -> 14BQ-028-Group B-2:30 PM | X13: 0.60416667 | Z13: ='16U_M_Invite'!L92&"-"&'16U_M_Invite'!C92&"-"&TEXT('16U_M_Invite'!B92,"h:mm am/pm") -> 16BQ-040-Group-2:30 PM | AA13: ='14U_M_Classic'!L27&"-"&'14U_M_Classic'!C27&"-"&TEXT('14U_M_Classic'!B27,"h:mm am/pm") -> 14BX-040-Group-2:30 PM | AB13: ='14U_M_Classic'!L65&"-"&'14U_M_Classic'!C65&"-"&TEXT('14U_M_Classic'!B65,"h:mm am/pm") -> 14BX-038-Group-2:30 PM | AC13: ='14U_M_Classic'!L87&"-"&'14U_M_Classic'!C87&"-"&TEXT('14U_M_Classic'!B87,"h:mm am/pm") -> 14BX-037-Group-2:30 PM | AE13: ='16U_M_Invite'!L34&"-"&'16U_M_Invite'!C34&"-"&TEXT('16U_M_Invite'!B34,"h:mm am/pm") -> 16BQ-029-Group-3:00 PM | AG13: ='18U_M_Classic'!L84&"-"&'18U_M_Classic'!C84&"-"&TEXT('18U_M_Classic'!B84,"h:mm am/pm") -> 18BX-040-Group-2:30 PM | AH13: ='18U_M_Classic'!L46&"-"&'18U_M_Classic'!C46&"-"&TEXT('18U_M_Classic'!B46,"h:mm am/pm") -> 18BX-038-Group-2:30 PM | AI13: ='18U_M_Classic'!L65&"-"&'18U_M_Classic'!C65&"-"&TEXT('18U_M_Classic'!B65,"h:mm am/pm") -> 18BX-039-Group-2:30 PM | AJ13: ='18U_M_Classic'!L27&"-"&'18U_M_Classic'!C27&"-"&TEXT('18U_M_Classic'!B27,"h:mm am/pm") -> 18BX-037-Group-2:30 PM | AK13: ='16U_M_Invite'!L54&"-"&'16U_M_Invite'!C54&"-"&TEXT('16U_M_Invite'!B54,"h:mm am/pm") -> 16BQ-038-Group-2:30 PM | AL13: ='14U_M_Classic'!L46&"-"&'14U_M_Classic'!C46&"-"&TEXT('14U_M_Classic'!B46,"h:mm am/pm") -> 14BX-039-Group-2:30 PM | AM13: ='16U_M_Invite'!L73&"-"&'16U_M_Invite'!C73&"-"&TEXT('16U_M_Invite'!B73,"h:mm am/pm") -> 16BQ-039-Group-2:30 PM | AN13: ='16U_M_Classic'!L65&"-"&'16U_M_Classic'!C65&"-"&TEXT('16U_M_Classic'!B65,"h:mm am/pm") -> 16BX-039-Group-2:30 PM | AO13: ='16U_M_Classic'!L84&"-"&'16U_M_Classic'!C84&"-"&TEXT('16U_M_Classic'!B84,"h:mm am/pm") -> 16BX-040-Group-2:30 PM | AP13: ='16U_M_Classic'!L27&"-"&'16U_M_Classic'!C27&"-"&TEXT('16U_M_Classic'!B27,"h:mm am/pm") -> 16BX-037-Group-2:30 PM | AQ13: ='16U_M_Classic'!L46&"-"&'16U_M_Classic'!C46&"-"&TEXT('16U_M_Classic'!B46,"h:mm am/pm") -> 16BX-038-Group-2:30 PM | AR13: ='18U_M_INVITE_NEW_23'!L47&"-"&'18U_M_INVITE_NEW_23'!C47&"-"&TEXT('18U_M_INVITE_NEW_23'!B47,"h:mm am/pm") -> 18BQ-018-Group-2:40 PM | AT13: ='18U_M_INVITE_NEW_23'!L26&"-"&'18U_M_INVITE_NEW_23'!C26&"-"&TEXT('18U_M_INVITE_NEW_23'!B26,"h:mm am/pm") -> 18BQ-019-Group-2:30 PM | AU13: 0.60416667 | AV13: ='16U_M_Champ'!L27&"-"&'16U_M_Champ'!C27&"-"&TEXT('16U_M_Champ'!B27,"h:mm am/pm") -> 16B-037-Group-2:30 PM | AW13: ='16U_M_Champ'!L46&"-"&'16U_M_Champ'!C46&"-"&TEXT('16U_M_Champ'!B46,"h:mm am/pm") -> 16B-038-Group-2:30 PM | AX13: ='16U_M_Champ'!L65&"-"&'16U_M_Champ'!C65&"-"&TEXT('16U_M_Champ'!B65,"h:mm am/pm") -> 16B-039-Group-2:30 PM | AY13: ='16U_M_Champ'!L84&"-"&'16U_M_Champ'!C84&"-"&TEXT('16U_M_Champ'!B84,"h:mm am/pm") -> 16B-040-Group-2:30 PM | BA13: 0.66666667 | BB13: ='18U_M_Champ'!L27&"-"&'18U_M_Champ'!C27&"-"&TEXT('18U_M_Champ'!B27,"h:mm am/pm") -> 18B-045-Group-4:00 PM | BC13: ='18U_M_Champ'!L75&"-"&'18U_M_Champ'!C75&"-"&TEXT('18U_M_Champ'!B75,"h:mm am/pm") -> 18B-048-Group-4:00 PM | BD13: ='18U_M_Champ'!L43&"-"&'18U_M_Champ'!C43&"-"&TEXT('18U_M_Champ'!B43,"h:mm am/pm") -> 18B-046-Group-4:00 PM | BE13: ='18U_M_Champ'!L59&"-"&'18U_M_Champ'!C59&"-"&TEXT('18U_M_Champ'!B59,"h:mm am/pm") -> 18B-047-Group-4:00 PM | BF13: ='18U_M_Champ'!L91&"-"&'18U_M_Champ'!C91&"-"&TEXT('18U_M_Champ'!B91,"h:mm am/pm") -> 18B-049-2-3 cross-4:00 PM
A14: 0.63888889 | C14: ='10U_M_Champ_35'!L26&"-"&'10U_M_Champ_35'!C26&"-"&TEXT('10U_M_Champ_35'!B26,"h:mm am/pm") -> 10B-031-Group C-3:20 PM | D14: ='10U_M_Champ_35'!L46&"-"&'10U_M_Champ_35'!C46&"-"&TEXT('10U_M_Champ_35'!B46,"h:mm am/pm") -> 10B-032-Group F-3:20 PM | E14: ='12U_M_Classic_53'!L78&"-"&'12U_M_Classic_53'!C78&"-"&TEXT('12U_M_Classic_53'!B78,"h:mm am/pm") -> 12BX-050-Group-3:20 PM | F14: ='12U_M_Classic_53'!L98&"-"&'12U_M_Classic_53'!C98&"-"&TEXT('12U_M_Classic_53'!B98,"h:mm am/pm") -> 12BX-051-Group-3:20 PM | G14: ='12U_M_Classic_53'!L118&"-"&'12U_M_Classic_53'!C118&"-"&TEXT('12U_M_Classic_53'!B118,"h:mm am/pm") -> 12BX-042-Group-3:20 PM | H14: ='12U_M_Classic_53'!L39&"-"&'12U_M_Classic_53'!C39&"-"&TEXT('12U_M_Classic_53'!B39,"h:mm am/pm") -> 12BX-048-Group-3:20 PM | I14: 0.63888889 | J14: ='12U_M_Classic_53'!L58&"-"&'12U_M_Classic_53'!C58&"-"&TEXT('12U_M_Classic_53'!B58,"h:mm am/pm") -> 12BX-049-Group-3:20 PM | K14: 0.63888889 | L14: ='12U_M_Champ'!L28&"-"&'12U_M_Champ'!C28&"-"&TEXT('12U_M_Champ'!B28,"h:mm am/pm") -> 12B-041-Group-3:20 PM | M14: ='12U_M_Champ'!L47&"-"&'12U_M_Champ'!C47&"-"&TEXT('12U_M_Champ'!B47,"h:mm am/pm") -> 12B-042-Group-3:20 PM | N14: ='12U_M_Champ'!L66&"-"&'12U_M_Champ'!C66&"-"&TEXT('12U_M_Champ'!B66,"h:mm am/pm") -> 12B-043-Group-3:20 PM | O14: ='12U_M_Champ'!L85&"-"&'12U_M_Champ'!C85&"-"&TEXT('12U_M_Champ'!B85,"h:mm am/pm") -> 12B-044-Group-3:20 PM | P14: 0.63888889 | Q14: ='14U_M_Champ'!L28&"-"&'14U_M_Champ'!C28&"-"&TEXT('14U_M_Champ'!B28,"h:mm am/pm") -> 14B-041-Group-3:20 PM | R14: ='14U_M_Champ'!L47&"-"&'14U_M_Champ'!C47&"-"&TEXT('14U_M_Champ'!B47,"h:mm am/pm") -> 14B-042-Group-3:20 PM | S14: ='14U_M_Champ'!L66&"-"&'14U_M_Champ'!C66&"-"&TEXT('14U_M_Champ'!B66,"h:mm am/pm") -> 14B-043-Group-3:20 PM | T14: ='14U_M_Champ'!L85&"-"&'14U_M_Champ'!C85&"-"&TEXT('14U_M_Champ'!B85,"h:mm am/pm") -> 14B-044-Group-3:20 PM | U14: ='14U_M_Invite_36'!L66&"-"&'14U_M_Invite_36'!C66&"-"&TEXT('14U_M_Invite_36'!B66,"h:mm am/pm") -> 14BQ-033-Group K-3:20 PM | V14: ='14U_M_Invite_36'!L46&"-"&'14U_M_Invite_36'!C46&"-"&TEXT('14U_M_Invite_36'!B46,"h:mm am/pm") -> 14BQ-032-Group F-3:20 PM | W14: ='14U_M_Invite_36'!L26&"-"&'14U_M_Invite_36'!C26&"-"&TEXT('14U_M_Invite_36'!B26,"h:mm am/pm") -> 14BQ-031-Group C-3:20 PM | X14: 0.63888889 | Z14: ='16U_M_Invite'!L93&"-"&'16U_M_Invite'!C93&"-"&TEXT('16U_M_Invite'!B93,"h:mm am/pm") -> 16BQ-044-Group-3:20 PM | AA14: ='14U_M_Classic'!L28&"-"&'14U_M_Classic'!C28&"-"&TEXT('14U_M_Classic'!B28,"h:mm am/pm") -> 14BX-044-Group-3:20 PM | AB14: ='14U_M_Classic'!L66&"-"&'14U_M_Classic'!C66&"-"&TEXT('14U_M_Classic'!B66,"h:mm am/pm") -> 14BX-042-Group-3:20 PM | AC14: ='14U_M_Classic'!L88&"-"&'14U_M_Classic'!C88&"-"&TEXT('14U_M_Classic'!B88,"h:mm am/pm") -> 14BX-041-Group-3:20 PM | AE14: ='16U_M_Invite'!L35&"-"&'16U_M_Invite'!C35&"-"&TEXT('16U_M_Invite'!B35,"h:mm am/pm") -> 16BQ-033-Group-3:50 PM | AG14: ='18U_M_Classic'!L85&"-"&'18U_M_Classic'!C85&"-"&TEXT('18U_M_Classic'!B85,"h:mm am/pm") -> 18BX-044-Group-3:20 PM | AH14: ='18U_M_Classic'!L47&"-"&'18U_M_Classic'!C47&"-"&TEXT('18U_M_Classic'!B47,"h:mm am/pm") -> 18BX-042-Group-3:20 PM | AI14: ='18U_M_Classic'!L66&"-"&'18U_M_Classic'!C66&"-"&TEXT('18U_M_Classic'!B66,"h:mm am/pm") -> 18BX-043-Group-3:20 PM | AJ14: ='18U_M_Classic'!L28&"-"&'18U_M_Classic'!C28&"-"&TEXT('18U_M_Classic'!B28,"h:mm am/pm") -> 18BX-041-Group-3:20 PM | AK14: ='16U_M_Invite'!L55&"-"&'16U_M_Invite'!C55&"-"&TEXT('16U_M_Invite'!B55,"h:mm am/pm") -> 16BQ-042-Group-3:20 PM | AL14: ='14U_M_Classic'!L47&"-"&'14U_M_Classic'!C47&"-"&TEXT('14U_M_Classic'!B47,"h:mm am/pm") -> 14BX-043-Group-3:20 PM | AM14: ='16U_M_Invite'!L74&"-"&'16U_M_Invite'!C74&"-"&TEXT('16U_M_Invite'!B74,"h:mm am/pm") -> 16BQ-043-Group-3:20 PM | AN14: ='16U_M_Classic'!L66&"-"&'16U_M_Classic'!C66&"-"&TEXT('16U_M_Classic'!B66,"h:mm am/pm") -> 16BX-043-Group-3:20 PM | AO14: ='16U_M_Classic'!L85&"-"&'16U_M_Classic'!C85&"-"&TEXT('16U_M_Classic'!B85,"h:mm am/pm") -> 16BX-044-Group-3:20 PM | AP14: ='16U_M_Classic'!L28&"-"&'16U_M_Classic'!C28&"-"&TEXT('16U_M_Classic'!B28,"h:mm am/pm") -> 16BX-041-Group-3:20 PM | AQ14: ='16U_M_Classic'!L47&"-"&'16U_M_Classic'!C47&"-"&TEXT('16U_M_Classic'!B47,"h:mm am/pm") -> 16BX-042-Group-3:20 PM | AR14: ='18U_M_INVITE_NEW_23'!L48&"-"&'18U_M_INVITE_NEW_23'!C48&"-"&TEXT('18U_M_INVITE_NEW_23'!B48,"h:mm am/pm") -> 18BQ-020-Group-3:30 PM | AT14: ='18U_M_INVITE_NEW_23'!L27&"-"&'18U_M_INVITE_NEW_23'!C27&"-"&TEXT('18U_M_INVITE_NEW_23'!B27,"h:mm am/pm") -> 18BQ-021-Group-3:20 PM | AU14: 0.63888889 | AV14: ='16U_M_Champ'!L28&"-"&'16U_M_Champ'!C28&"-"&TEXT('16U_M_Champ'!B28,"h:mm am/pm") -> 16B-041-Group-3:20 PM | AW14: ='16U_M_Champ'!L47&"-"&'16U_M_Champ'!C47&"-"&TEXT('16U_M_Champ'!B47,"h:mm am/pm") -> 16B-042-Group-3:20 PM | AX14: ='16U_M_Champ'!L66&"-"&'16U_M_Champ'!C66&"-"&TEXT('16U_M_Champ'!B66,"h:mm am/pm") -> 16B-043-Group-3:20 PM | AY14: ='16U_M_Champ'!L85&"-"&'16U_M_Champ'!C85&"-"&TEXT('16U_M_Champ'!B85,"h:mm am/pm") -> 16B-044-Group-3:20 PM | BA14: 0.70833333 | BF14: ='18U_M_Champ'!L92&"-"&'18U_M_Champ'!C92&"-"&TEXT('18U_M_Champ'!B92,"h:mm am/pm") -> 18B-050-2-3 cross-5:00 PM
A15: 0.67361111 | C15: ='10U_M_Champ_35'!L27&"-"&'10U_M_Champ_35'!C27&"-"&TEXT('10U_M_Champ_35'!B27,"h:mm am/pm") -> 10B-034-Group D-4:10 PM | D15: ='10U_M_Champ_35'!L47&"-"&'10U_M_Champ_35'!C47&"-"&TEXT('10U_M_Champ_35'!B47,"h:mm am/pm") -> 10B-035-Group E-4:10 PM | E15: ='12U_M_Classic_53'!L79&"-"&'12U_M_Classic_53'!C79&"-"&TEXT('12U_M_Classic_53'!B79,"h:mm am/pm") -> 12BX-054-Group-4:10 PM | F15: ='12U_M_Classic_53'!L99&"-"&'12U_M_Classic_53'!C99&"-"&TEXT('12U_M_Classic_53'!B99,"h:mm am/pm") -> 12BX-51A-Group-4:10 PM | G15: ='12U_M_Classic_53'!L119&"-"&'12U_M_Classic_53'!C119&"-"&TEXT('12U_M_Classic_53'!B119,"h:mm am/pm") -> 12BX-047-Group-4:10 PM | H15: ='12U_M_Classic_53'!L40&"-"&'12U_M_Classic_53'!C40&"-"&TEXT('12U_M_Classic_53'!B40,"h:mm am/pm") -> 12BX-053-Group-4:10 PM | I15: 0.67361111 | J15: ='12U_M_Classic_53'!L59&"-"&'12U_M_Classic_53'!C59&"-"&TEXT('12U_M_Classic_53'!B59,"h:mm am/pm") -> 12BX-057-Group-4:10 PM | K15: 0.67361111 | L15: ='12U_M_Champ'!L29&"-"&'12U_M_Champ'!C29&"-"&TEXT('12U_M_Champ'!B29,"h:mm am/pm") -> 12B-045-Group-4:10 PM | M15: ='12U_M_Champ'!L48&"-"&'12U_M_Champ'!C48&"-"&TEXT('12U_M_Champ'!B48,"h:mm am/pm") -> 12B-046-Group-4:10 PM | N15: ='12U_M_Champ'!L67&"-"&'12U_M_Champ'!C67&"-"&TEXT('12U_M_Champ'!B67,"h:mm am/pm") -> 12B-047-Group-4:10 PM | O15: ='12U_M_Champ'!L86&"-"&'12U_M_Champ'!C86&"-"&TEXT('12U_M_Champ'!B86,"h:mm am/pm") -> 12B-048-Group-4:10 PM | P15: 0.67361111 | Q15: ='14U_M_Champ'!L29&"-"&'14U_M_Champ'!C29&"-"&TEXT('14U_M_Champ'!B29,"h:mm am/pm") -> 14B-045-Group-4:10 PM | R15: ='14U_M_Champ'!L48&"-"&'14U_M_Champ'!C48&"-"&TEXT('14U_M_Champ'!B48,"h:mm am/pm") -> 14B-046-Group-4:10 PM | S15: ='14U_M_Champ'!L67&"-"&'14U_M_Champ'!C67&"-"&TEXT('14U_M_Champ'!B67,"h:mm am/pm") -> 14B-047-Group-4:10 PM | T15: ='14U_M_Champ'!L86&"-"&'14U_M_Champ'!C86&"-"&TEXT('14U_M_Champ'!B86,"h:mm am/pm") -> 14B-048-Group-4:10 PM | U15: ='14U_M_Invite_36'!L67&"-"&'14U_M_Invite_36'!C67&"-"&TEXT('14U_M_Invite_36'!B67,"h:mm am/pm") -> 14BQ-036-Group L-4:10 PM | V15: ='14U_M_Invite_36'!L47&"-"&'14U_M_Invite_36'!C47&"-"&TEXT('14U_M_Invite_36'!B47,"h:mm am/pm") -> 14BQ-035-Group E-4:10 PM | W15: ='14U_M_Invite_36'!L27&"-"&'14U_M_Invite_36'!C27&"-"&TEXT('14U_M_Invite_36'!B27,"h:mm am/pm") -> 14BQ-034-Group D-4:10 PM | X15: 0.67361111 | Z15: ='16U_M_Invite'!L94&"-"&'16U_M_Invite'!C94&"-"&TEXT('16U_M_Invite'!B94,"h:mm am/pm") -> 16BQ-048-Group-4:10 PM | AA15: ='14U_M_Classic'!L29&"-"&'14U_M_Classic'!C29&"-"&TEXT('14U_M_Classic'!B29,"h:mm am/pm") -> 14BX-048-Group-4:10 PM | AD15: ='14U_M_Classic'!L92&"-"&'14U_M_Classic'!C92&"-"&TEXT('14U_M_Classic'!B92,"h:mm am/pm") -> 14BX-045-Group-4:10 PM | AE15: ='16U_M_Invite'!L36&"-"&'16U_M_Invite'!C36&"-"&TEXT('16U_M_Invite'!B36,"h:mm am/pm") -> 16BQ-037-Group-4:40 PM | AF15: ='14U_M_Classic'!L70&"-"&'14U_M_Classic'!C70&"-"&TEXT('14U_M_Classic'!B70,"h:mm am/pm") -> 14BX-046-Group-4:10 PM | AG15: ='18U_M_Classic'!L86&"-"&'18U_M_Classic'!C86&"-"&TEXT('18U_M_Classic'!B86,"h:mm am/pm") -> 18BX-048-Group-4:10 PM | AH15: ='18U_M_Classic'!L48&"-"&'18U_M_Classic'!C48&"-"&TEXT('18U_M_Classic'!B48,"h:mm am/pm") -> 18BX-046-Group-4:10 PM | AI15: ='18U_M_Classic'!L67&"-"&'18U_M_Classic'!C67&"-"&TEXT('18U_M_Classic'!B67,"h:mm am/pm") -> 18BX-047-Group-4:10 PM | AJ15: ='18U_M_Classic'!L29&"-"&'18U_M_Classic'!C29&"-"&TEXT('18U_M_Classic'!B29,"h:mm am/pm") -> 18BX-045-Group-4:10 PM | AK15: ='16U_M_Invite'!L56&"-"&'16U_M_Invite'!C56&"-"&TEXT('16U_M_Invite'!B56,"h:mm am/pm") -> 16BQ-046-Group-4:10 PM | AL15: ='14U_M_Classic'!L48&"-"&'14U_M_Classic'!C48&"-"&TEXT('14U_M_Classic'!B48,"h:mm am/pm") -> 14BX-047-Group-4:10 PM | AM15: ='16U_M_Invite'!L75&"-"&'16U_M_Invite'!C75&"-"&TEXT('16U_M_Invite'!B75,"h:mm am/pm") -> 16BQ-047-Group-4:10 PM | AN15: ='16U_M_Classic'!L67&"-"&'16U_M_Classic'!C67&"-"&TEXT('16U_M_Classic'!B67,"h:mm am/pm") -> 16BX-047-Group-4:10 PM | AO15: ='16U_M_Classic'!L86&"-"&'16U_M_Classic'!C86&"-"&TEXT('16U_M_Classic'!B86,"h:mm am/pm") -> 16BX-048-Group-4:10 PM | AP15: ='16U_M_Classic'!L29&"-"&'16U_M_Classic'!C29&"-"&TEXT('16U_M_Classic'!B29,"h:mm am/pm") -> 16BX-045-Group-4:10 PM | AQ15: ='16U_M_Classic'!L48&"-"&'16U_M_Classic'!C48&"-"&TEXT('16U_M_Classic'!B48,"h:mm am/pm") -> 16BX-046-Group-4:10 PM | AR15: ='18U_M_INVITE_NEW_23'!L49&"-"&'18U_M_INVITE_NEW_23'!C49&"-"&TEXT('18U_M_INVITE_NEW_23'!B49,"h:mm am/pm") -> 18BQ-022-Group-4:20 PM | AT15: ='18U_M_INVITE_NEW_23'!L28&"-"&'18U_M_INVITE_NEW_23'!C28&"-"&TEXT('18U_M_INVITE_NEW_23'!B28,"h:mm am/pm") -> 18BQ-023-Group-4:10 PM | AU15: 0.67361111 | AV15: ='16U_M_Champ'!L29&"-"&'16U_M_Champ'!C29&"-"&TEXT('16U_M_Champ'!B29,"h:mm am/pm") -> 16B-045-Group-4:10 PM | AW15: ='16U_M_Champ'!L48&"-"&'16U_M_Champ'!C48&"-"&TEXT('16U_M_Champ'!B48,"h:mm am/pm") -> 16B-046-Group-4:10 PM | AX15: ='16U_M_Champ'!L67&"-"&'16U_M_Champ'!C67&"-"&TEXT('16U_M_Champ'!B67,"h:mm am/pm") -> 16B-047-Group-4:10 PM | AY15: ='16U_M_Champ'!L86&"-"&'16U_M_Champ'!C86&"-"&TEXT('16U_M_Champ'!B86,"h:mm am/pm") -> 16B-048-Group-4:10 PM | BA15: 0.75 | BB15: ='18U_M_Champ'!L29&"-"&'18U_M_Champ'!C29&"-"&TEXT('18U_M_Champ'!B29,"h:mm am/pm") -> 18B-051-2-3 cross-6:00 PM | BC15: ='18U_M_Champ'!L77&"-"&'18U_M_Champ'!C77&"-"&TEXT('18U_M_Champ'!B77,"h:mm am/pm") -> 18B-054-2-3 cross-6:00 PM | BD15: ='18U_M_Champ'!L45&"-"&'18U_M_Champ'!C45&"-"&TEXT('18U_M_Champ'!B45,"h:mm am/pm") -> 18B-052-2-3 cross-6:00 PM | BE15: ='18U_M_Champ'!L61&"-"&'18U_M_Champ'!C61&"-"&TEXT('18U_M_Champ'!B61,"h:mm am/pm") -> 18B-053-2-3 cross-6:00 PM | BF15: ='18U_M_Champ'!L93&"-"&'18U_M_Champ'!C93&"-"&TEXT('18U_M_Champ'!B93,"h:mm am/pm") -> 18B-055-2-3 cross-6:00 PM
A16: 0.70833333 | B16: ='10U_M_Champ_35'!L68&"-"&'10U_M_Champ_35'!C68&"-"&TEXT('10U_M_Champ_35'!B68,"h:mm am/pm") -> 10B-039-2-3 cross-5:00 PM | F16: ='12U_M_Classic_53'!L100&"-"&'12U_M_Classic_53'!C100&"-"&TEXT('12U_M_Classic_53'!B100,"h:mm am/pm") -> 12BX-055-Group-5:00 PM | G16: ='12U_M_Classic_53'!L120&"-"&'12U_M_Classic_53'!C120&"-"&TEXT('12U_M_Classic_53'!B120,"h:mm am/pm") -> 12BX-052-Group-5:00 PM | I16: 0.70833333 | K16: 0.70833333 | P16: 0.70833333 | X16: 0.70833333 | AD16: ='16U_M_Invite'!L25&"-"&'16U_M_Invite'!C25&"-"&TEXT('16U_M_Invite'!B25,"h:mm am/pm") -> 16BQ-041-Group-5:00 PM | AE16: ='16U_M_Invite'!L37&"-"&'16U_M_Invite'!C37&"-"&TEXT('16U_M_Invite'!B37,"h:mm am/pm") -> 16BQ-045-Group-5:30 PM | AT16: ='18U_M_INVITE_NEW_23'!L29&"-"&'18U_M_INVITE_NEW_23'!C29&"-"&TEXT('18U_M_INVITE_NEW_23'!B29,"h:mm am/pm") -> 18BQ-099-Cross-5:00 PM | AU16: 0.70833333 | BA16: 0.79166667 | BB16: ='18U_M_Champ'!L30&"-"&'18U_M_Champ'!C30&"-"&TEXT('18U_M_Champ'!B30,"h:mm am/pm") -> 18B-056-2-3 cross-7:00 PM | BC16: ='18U_M_Champ'!L78&"-"&'18U_M_Champ'!C78&"-"&TEXT('18U_M_Champ'!B78,"h:mm am/pm") -> 18B-059-2-3 cross-7:00 PM | BD16: ='18U_M_Champ'!L46&"-"&'18U_M_Champ'!C46&"-"&TEXT('18U_M_Champ'!B46,"h:mm am/pm") -> 18B-057-2-3 cross-7:00 PM | BE16: ='18U_M_Champ'!L62&"-"&'18U_M_Champ'!C62&"-"&TEXT('18U_M_Champ'!B62,"h:mm am/pm") -> 18B-058-2-3 cross-7:00 PM | BF16: ='18U_M_Champ'!L94&"-"&'18U_M_Champ'!C94&"-"&TEXT('18U_M_Champ'!B94,"h:mm am/pm") -> 18B-060-2-3 cross-7:00 PM
A17: 0.74305556 | B17: ='10U_M_Champ_35'!L69&"-"&'10U_M_Champ_35'!C69&"-"&TEXT('10U_M_Champ_35'!B69,"h:mm am/pm") -> 10B-042-2-3 cross-5:50 PM | C17: ='10U_M_Champ_35'!L29&"-"&'10U_M_Champ_35'!C29&"-"&TEXT('10U_M_Champ_35'!B29,"h:mm am/pm") -> 10B-037-2-3 cross-5:50 PM | D17: ='10U_M_Champ_35'!L49&"-"&'10U_M_Champ_35'!C49&"-"&TEXT('10U_M_Champ_35'!B49,"h:mm am/pm") -> 10B-038-2-3 cross-5:50 PM | G17: ='12U_M_Classic_53'!L121&"-"&'12U_M_Classic_53'!C121&"-"&TEXT('12U_M_Classic_53'!B121,"h:mm am/pm") -> 12BX-056-Group-5:50 PM | I17: 0.74305556 | K17: 0.74305556 | L17: ='12U_M_Champ'!L31&"-"&'12U_M_Champ'!C31&"-"&TEXT('12U_M_Champ'!B31,"h:mm am/pm") -> 12B-049-2-3 cross-5:50 PM | M17: ='12U_M_Champ'!L50&"-"&'12U_M_Champ'!C50&"-"&TEXT('12U_M_Champ'!B50,"h:mm am/pm") -> 12B-050-2-3 cross-5:50 PM | N17: ='12U_M_Champ'!L69&"-"&'12U_M_Champ'!C69&"-"&TEXT('12U_M_Champ'!B69,"h:mm am/pm") -> 12B-051-2-3 cross-5:50 PM | O17: ='12U_M_Champ'!L88&"-"&'12U_M_Champ'!C88&"-"&TEXT('12U_M_Champ'!B88,"h:mm am/pm") -> 12B-052-2-3 cross-5:50 PM | P17: 0.74305556 | Q17: ='14U_M_Champ'!L31&"-"&'14U_M_Champ'!C31&"-"&TEXT('14U_M_Champ'!B31,"h:mm am/pm") -> 14B-049-2-3 cross-5:50 PM | R17: ='14U_M_Champ'!L50&"-"&'14U_M_Champ'!C50&"-"&TEXT('14U_M_Champ'!B50,"h:mm am/pm") -> 14B-050-2-3 cross-5:50 PM | S17: ='14U_M_Champ'!L69&"-"&'14U_M_Champ'!C69&"-"&TEXT('14U_M_Champ'!B69,"h:mm am/pm") -> 14B-051-2-3 cross-5:50 PM | T17: ='14U_M_Champ'!L88&"-"&'14U_M_Champ'!C88&"-"&TEXT('14U_M_Champ'!B88,"h:mm am/pm") -> 14B-052-2-3 cross-5:50 PM | U17: ='14U_M_Invite_36'!L69&"-"&'14U_M_Invite_36'!C69&"-"&TEXT('14U_M_Invite_36'!B69,"h:mm am/pm") -> 14BQ-039-2-3 cross-5:50 PM | V17: ='14U_M_Invite_36'!L49&"-"&'14U_M_Invite_36'!C49&"-"&TEXT('14U_M_Invite_36'!B49,"h:mm am/pm") -> 14BQ-038-2-3 cross-5:50 PM | W17: ='14U_M_Invite_36'!L29&"-"&'14U_M_Invite_36'!C29&"-"&TEXT('14U_M_Invite_36'!B29,"h:mm am/pm") -> 14BQ-037-2-3 cross-5:50 PM | X17: 0.74305556 | Z17: ='16U_M_Invite'!L96&"-"&'16U_M_Invite'!C96&"-"&TEXT('16U_M_Invite'!B96,"h:mm am/pm") -> 16BQ-052-2-3 cross-5:50 PM | AA17: ='14U_M_Classic'!L31&"-"&'14U_M_Classic'!C31&"-"&TEXT('14U_M_Classic'!B31,"h:mm am/pm") -> 14BX-052-2-3 cross-5:50 PM | AD17: ='14U_M_Classic'!L94&"-"&'14U_M_Classic'!C94&"-"&TEXT('14U_M_Classic'!B94,"h:mm am/pm") -> 14BX-049-2-3 cross-5:50 PM | AF17: ='14U_M_Classic'!L72&"-"&'14U_M_Classic'!C72&"-"&TEXT('14U_M_Classic'!B72,"h:mm am/pm") -> 14BX-050-2-3 cross-5:50 PM | AG17: ='18U_M_Classic'!L88&"-"&'18U_M_Classic'!C88&"-"&TEXT('18U_M_Classic'!B88,"h:mm am/pm") -> 18BX-052-2-3 cross-5:50 PM | AH17: ='18U_M_Classic'!L50&"-"&'18U_M_Classic'!C50&"-"&TEXT('18U_M_Classic'!B50,"h:mm am/pm") -> 18BX-050-2-3 cross-5:50 PM | AI17: ='18U_M_Classic'!L69&"-"&'18U_M_Classic'!C69&"-"&TEXT('18U_M_Classic'!B69,"h:mm am/pm") -> 18BX-051-2-3 cross-5:50 PM | AJ17: ='18U_M_Classic'!L31&"-"&'18U_M_Classic'!C31&"-"&TEXT('18U_M_Classic'!B31,"h:mm am/pm") -> 18BX-049-2-3 cross-5:50 PM | AK17: ='16U_M_Invite'!L58&"-"&'16U_M_Invite'!C58&"-"&TEXT('16U_M_Invite'!B58,"h:mm am/pm") -> 16BQ-050-2-3 cross-5:50 PM | AL17: ='14U_M_Classic'!L50&"-"&'14U_M_Classic'!C50&"-"&TEXT('14U_M_Classic'!B50,"h:mm am/pm") -> 14BX-051-2-3 cross-5:50 PM | AM17: ='16U_M_Invite'!L77&"-"&'16U_M_Invite'!C77&"-"&TEXT('16U_M_Invite'!B77,"h:mm am/pm") -> 16BQ-051-2-3 cross-5:50 PM | AN17: ='16U_M_Classic'!L69&"-"&'16U_M_Classic'!C69&"-"&TEXT('16U_M_Classic'!B69,"h:mm am/pm") -> 16BX-051-2-3 cross-5:50 PM | AO17: ='16U_M_Classic'!L88&"-"&'16U_M_Classic'!C88&"-"&TEXT('16U_M_Classic'!B88,"h:mm am/pm") -> 16BX-052-2-3 cross-5:50 PM | AP17: ='16U_M_Classic'!L31&"-"&'16U_M_Classic'!C31&"-"&TEXT('16U_M_Classic'!B31,"h:mm am/pm") -> 16BX-049-2-3 cross-5:50 PM | AQ17: ='16U_M_Classic'!L50&"-"&'16U_M_Classic'!C50&"-"&TEXT('16U_M_Classic'!B50,"h:mm am/pm") -> 16BX-050-2-3 cross-5:50 PM | AR17: ='18U_M_INVITE_NEW_23'!L51&"-"&'18U_M_INVITE_NEW_23'!C51&"-"&TEXT('18U_M_INVITE_NEW_23'!B51,"h:mm am/pm") -> 18BQ-026-Cross-6:00 PM | AT17: ='18U_M_INVITE_NEW_23'!L30&"-"&'18U_M_INVITE_NEW_23'!C30&"-"&TEXT('18U_M_INVITE_NEW_23'!B30,"h:mm am/pm") -> 18BQ-024-Cross-5:50 PM | AU17: 0.74305556 | AV17: ='16U_M_Champ'!L31&"-"&'16U_M_Champ'!C31&"-"&TEXT('16U_M_Champ'!B31,"h:mm am/pm") -> 16B-049-2-3 cross-5:50 PM | AW17: ='16U_M_Champ'!L50&"-"&'16U_M_Champ'!C50&"-"&TEXT('16U_M_Champ'!B50,"h:mm am/pm") -> 16B-050-2-3 cross-5:50 PM | AX17: ='16U_M_Champ'!L69&"-"&'16U_M_Champ'!C69&"-"&TEXT('16U_M_Champ'!B69,"h:mm am/pm") -> 16B-051-2-3 cross-5:50 PM | AY17: ='16U_M_Champ'!L88&"-"&'16U_M_Champ'!C88&"-"&TEXT('16U_M_Champ'!B88,"h:mm am/pm") -> 16B-052-2-3 cross-5:50 PM | BA17: 0.83333333
A18: 0.77777778 | B18: ='10U_M_Champ_35'!L70&"-"&'10U_M_Champ_35'!C70&"-"&TEXT('10U_M_Champ_35'!B70,"h:mm am/pm") -> 10B-045-2-3 cross-6:40 PM | C18: ='10U_M_Champ_35'!L30&"-"&'10U_M_Champ_35'!C30&"-"&TEXT('10U_M_Champ_35'!B30,"h:mm am/pm") -> 10B-040-2-3 cross-6:40 PM | D18: ='10U_M_Champ_35'!L50&"-"&'10U_M_Champ_35'!C50&"-"&TEXT('10U_M_Champ_35'!B50,"h:mm am/pm") -> 10B-041-2-3 cross-6:40 PM | E18: ='12U_M_Classic_53'!L82&"-"&'12U_M_Classic_53'!C82&"-"&TEXT('12U_M_Classic_53'!B82,"h:mm am/pm") -> 12BX-059-2's cross 17v32-6:40 PM | H18: ='12U_M_Classic_53'!L43&"-"&'12U_M_Classic_53'!C43&"-"&TEXT('12U_M_Classic_53'!B43,"h:mm am/pm") -> 12BX-061-2's cross 21v28-6:40 PM | I18: 0.77777778 | J18: ='12U_M_Classic_53'!L62&"-"&'12U_M_Classic_53'!C62&"-"&TEXT('12U_M_Classic_53'!B62,"h:mm am/pm") -> 12BX-058-2's cross 24v25-6:40 PM | K18: 0.77777778 | L18: ='12U_M_Champ'!L32&"-"&'12U_M_Champ'!C32&"-"&TEXT('12U_M_Champ'!B32,"h:mm am/pm") -> 12B-053-2-3 cross-6:40 PM | M18: ='12U_M_Champ'!L51&"-"&'12U_M_Champ'!C51&"-"&TEXT('12U_M_Champ'!B51,"h:mm am/pm") -> 12B-054-2-3 cross-6:40 PM | N18: ='12U_M_Champ'!L70&"-"&'12U_M_Champ'!C70&"-"&TEXT('12U_M_Champ'!B70,"h:mm am/pm") -> 12B-055-2-3 cross-6:40 PM | O18: ='12U_M_Champ'!L89&"-"&'12U_M_Champ'!C89&"-"&TEXT('12U_M_Champ'!B89,"h:mm am/pm") -> 12B-056-2-3 cross-6:40 PM | P18: 0.77777778 | Q18: ='14U_M_Champ'!L32&"-"&'14U_M_Champ'!C32&"-"&TEXT('14U_M_Champ'!B32,"h:mm am/pm") -> 14B-053-2-3 cross-6:40 PM | R18: ='14U_M_Champ'!L51&"-"&'14U_M_Champ'!C51&"-"&TEXT('14U_M_Champ'!B51,"h:mm am/pm") -> 14B-054-2-3 cross-6:40 PM | S18: ='14U_M_Champ'!L70&"-"&'14U_M_Champ'!C70&"-"&TEXT('14U_M_Champ'!B70,"h:mm am/pm") -> 14B-055-2-3 cross-6:40 PM | T18: ='14U_M_Champ'!L89&"-"&'14U_M_Champ'!C89&"-"&TEXT('14U_M_Champ'!B89,"h:mm am/pm") -> 14B-056-2-3 cross-6:40 PM | U18: ='14U_M_Invite_36'!L70&"-"&'14U_M_Invite_36'!C70&"-"&TEXT('14U_M_Invite_36'!B70,"h:mm am/pm") -> 14BQ-042-2-3 cross-6:40 PM | V18: ='14U_M_Invite_36'!L50&"-"&'14U_M_Invite_36'!C50&"-"&TEXT('14U_M_Invite_36'!B50,"h:mm am/pm") -> 14BQ-041-2-3 cross-6:40 PM | W18: ='14U_M_Invite_36'!L30&"-"&'14U_M_Invite_36'!C30&"-"&TEXT('14U_M_Invite_36'!B30,"h:mm am/pm") -> 14BQ-040-2-3 cross-6:40 PM | X18: 0.77777778 | Z18: ='16U_M_Invite'!L97&"-"&'16U_M_Invite'!C97&"-"&TEXT('16U_M_Invite'!B97,"h:mm am/pm") -> 16BQ-056-2-3 cross-6:40 PM | AA18: ='14U_M_Classic'!L32&"-"&'14U_M_Classic'!C32&"-"&TEXT('14U_M_Classic'!B32,"h:mm am/pm") -> 14BX-056-2-3 cross-6:40 PM | AD18: ='14U_M_Classic'!L95&"-"&'14U_M_Classic'!C95&"-"&TEXT('14U_M_Classic'!B95,"h:mm am/pm") -> 14BX-053-2-3 cross-6:40 PM | AF18: ='14U_M_Classic'!L73&"-"&'14U_M_Classic'!C73&"-"&TEXT('14U_M_Classic'!B73,"h:mm am/pm") -> 14BX-054-2-3 cross-6:40 PM | AG18: ='18U_M_Classic'!L89&"-"&'18U_M_Classic'!C89&"-"&TEXT('18U_M_Classic'!B89,"h:mm am/pm") -> 18BX-056-2-3 cross-6:40 PM | AH18: ='18U_M_Classic'!L51&"-"&'18U_M_Classic'!C51&"-"&TEXT('18U_M_Classic'!B51,"h:mm am/pm") -> 18BX-054-2-3 cross-6:40 PM | AI18: ='18U_M_Classic'!L70&"-"&'18U_M_Classic'!C70&"-"&TEXT('18U_M_Classic'!B70,"h:mm am/pm") -> 18BX-055-2-3 cross-6:40 PM | AJ18: ='18U_M_Classic'!L32&"-"&'18U_M_Classic'!C32&"-"&TEXT('18U_M_Classic'!B32,"h:mm am/pm") -> 18BX-053-2-3 cross-6:40 PM | AK18: ='16U_M_Invite'!L59&"-"&'16U_M_Invite'!C59&"-"&TEXT('16U_M_Invite'!B59,"h:mm am/pm") -> 16BQ-054-2-3 cross-6:40 PM | AL18: ='14U_M_Classic'!L51&"-"&'14U_M_Classic'!C51&"-"&TEXT('14U_M_Classic'!B51,"h:mm am/pm") -> 14BX-055-2-3 cross-6:40 PM | AM18: ='16U_M_Invite'!L78&"-"&'16U_M_Invite'!C78&"-"&TEXT('16U_M_Invite'!B78,"h:mm am/pm") -> 16BQ-055-2-3 cross-6:40 PM | AN18: ='16U_M_Classic'!L70&"-"&'16U_M_Classic'!C70&"-"&TEXT('16U_M_Classic'!B70,"h:mm am/pm") -> 16BX-055-2-3 cross-6:40 PM | AO18: ='16U_M_Classic'!L89&"-"&'16U_M_Classic'!C89&"-"&TEXT('16U_M_Classic'!B89,"h:mm am/pm") -> 16BX-056-2-3 cross-6:40 PM | AP18: ='16U_M_Classic'!L32&"-"&'16U_M_Classic'!C32&"-"&TEXT('16U_M_Classic'!B32,"h:mm am/pm") -> 16BX-053-2-3 cross-6:40 PM | AQ18: ='16U_M_Classic'!L51&"-"&'16U_M_Classic'!C51&"-"&TEXT('16U_M_Classic'!B51,"h:mm am/pm") -> 16BX-054-2-3 cross-6:40 PM | AR18: ='18U_M_INVITE_NEW_23'!L52&"-"&'18U_M_INVITE_NEW_23'!C52&"-"&TEXT('18U_M_INVITE_NEW_23'!B52,"h:mm am/pm") -> 18BQ-028-Cross-6:50 PM | AT18: ='18U_M_INVITE_NEW_23'!L31&"-"&'18U_M_INVITE_NEW_23'!C31&"-"&TEXT('18U_M_INVITE_NEW_23'!B31,"h:mm am/pm") -> 18BQ-025-Cross-6:40 PM | AU18: 0.77777778 | AV18: ='16U_M_Champ'!L32&"-"&'16U_M_Champ'!C32&"-"&TEXT('16U_M_Champ'!B32,"h:mm am/pm") -> 16B-053-2-3 cross-6:40 PM | AW18: ='16U_M_Champ'!L51&"-"&'16U_M_Champ'!C51&"-"&TEXT('16U_M_Champ'!B51,"h:mm am/pm") -> 16B-054-2-3 cross-6:40 PM | AX18: ='16U_M_Champ'!L70&"-"&'16U_M_Champ'!C70&"-"&TEXT('16U_M_Champ'!B70,"h:mm am/pm") -> 16B-055-2-3 cross-6:40 PM | AY18: ='16U_M_Champ'!L89&"-"&'16U_M_Champ'!C89&"-"&TEXT('16U_M_Champ'!B89,"h:mm am/pm") -> 16B-056-2-3 cross-6:40 PM
A19: 0.8125 | C19: ='10U_M_Champ_35'!L31&"-"&'10U_M_Champ_35'!C31&"-"&TEXT('10U_M_Champ_35'!B31,"h:mm am/pm") -> 10B-043-2-3 cross-7:30 PM | D19: ='10U_M_Champ_35'!L51&"-"&'10U_M_Champ_35'!C51&"-"&TEXT('10U_M_Champ_35'!B51,"h:mm am/pm") -> 10B-044-2-3 cross-7:30 PM | E19: ='12U_M_Classic_53'!L83&"-"&'12U_M_Classic_53'!C83&"-"&TEXT('12U_M_Classic_53'!B83,"h:mm am/pm") -> 12BX-062-2's cross 18v31-7:30 PM | F19: ='12U_M_Classic_53'!L103&"-"&'12U_M_Classic_53'!C103&"-"&TEXT('12U_M_Classic_53'!B103,"h:mm am/pm") -> 12BX-060-2's cross 19v30-7:30 PM | I19: 0.8125 | J19: ='12U_M_Classic_53'!L63&"-"&'12U_M_Classic_53'!C63&"-"&TEXT('12U_M_Classic_53'!B63,"h:mm am/pm") -> 12BX-065-2's cross 23v26-7:30 PM | K19: 0.8125 | L19: ='12U_M_Champ'!L33&"-"&'12U_M_Champ'!C33&"-"&TEXT('12U_M_Champ'!B33,"h:mm am/pm") -> 12B-057-2-3 cross-7:30 PM | M19: ='12U_M_Champ'!L52&"-"&'12U_M_Champ'!C52&"-"&TEXT('12U_M_Champ'!B52,"h:mm am/pm") -> 12B-058-2-3 cross-7:30 PM | N19: ='12U_M_Champ'!L71&"-"&'12U_M_Champ'!C71&"-"&TEXT('12U_M_Champ'!B71,"h:mm am/pm") -> 12B-059-2-3 cross-7:30 PM | O19: ='12U_M_Champ'!L90&"-"&'12U_M_Champ'!C90&"-"&TEXT('12U_M_Champ'!B90,"h:mm am/pm") -> 12B-060-2-3 cross-7:30 PM | P19: 0.8125 | Q19: ='14U_M_Champ'!L33&"-"&'14U_M_Champ'!C33&"-"&TEXT('14U_M_Champ'!B33,"h:mm am/pm") -> 14B-057-2-3 cross-7:30 PM | R19: ='14U_M_Champ'!L52&"-"&'14U_M_Champ'!C52&"-"&TEXT('14U_M_Champ'!B52,"h:mm am/pm") -> 14B-058-2-3 cross-7:30 PM | S19: ='14U_M_Champ'!L71&"-"&'14U_M_Champ'!C71&"-"&TEXT('14U_M_Champ'!B71,"h:mm am/pm") -> 14B-059-2-3 cross-7:30 PM | T19: ='14U_M_Champ'!L90&"-"&'14U_M_Champ'!C90&"-"&TEXT('14U_M_Champ'!B90,"h:mm am/pm") -> 14B-060-2-3 cross-7:30 PM | U19: ='14U_M_Invite_36'!L71&"-"&'14U_M_Invite_36'!C71&"-"&TEXT('14U_M_Invite_36'!B71,"h:mm am/pm") -> 14BQ-045-2-3 cross-7:30 PM | V19: ='14U_M_Invite_36'!L51&"-"&'14U_M_Invite_36'!C51&"-"&TEXT('14U_M_Invite_36'!B51,"h:mm am/pm") -> 14BQ-044-2-3 cross-7:30 PM | W19: ='14U_M_Invite_36'!L31&"-"&'14U_M_Invite_36'!C31&"-"&TEXT('14U_M_Invite_36'!B31,"h:mm am/pm") -> 14BQ-043-2-3 cross-7:30 PM | X19: 0.8125 | Z19: ='16U_M_Invite'!L98&"-"&'16U_M_Invite'!C98&"-"&TEXT('16U_M_Invite'!B98,"h:mm am/pm") -> 16BQ-060-2-3 cross-7:30 PM | AA19: ='14U_M_Classic'!L33&"-"&'14U_M_Classic'!C33&"-"&TEXT('14U_M_Classic'!B33,"h:mm am/pm") -> 14BX-060-2-3 cross-7:30 PM | AD19: ='14U_M_Classic'!L96&"-"&'14U_M_Classic'!C96&"-"&TEXT('14U_M_Classic'!B96,"h:mm am/pm") -> 14BX-057-2-3 cross-7:30 PM | AE19: ='16U_M_Invite'!L40&"-"&'16U_M_Invite'!C40&"-"&TEXT('16U_M_Invite'!B40,"h:mm am/pm") -> 16BQ-049-2-3 cross-7:20 PM | AF19: ='14U_M_Classic'!L74&"-"&'14U_M_Classic'!C74&"-"&TEXT('14U_M_Classic'!B74,"h:mm am/pm") -> 14BX-058-2-3 cross-7:30 PM | AG19: ='18U_M_Classic'!L90&"-"&'18U_M_Classic'!C90&"-"&TEXT('18U_M_Classic'!B90,"h:mm am/pm") -> 18BX-060-2-3 cross-7:30 PM | AH19: ='18U_M_Classic'!L52&"-"&'18U_M_Classic'!C52&"-"&TEXT('18U_M_Classic'!B52,"h:mm am/pm") -> 18BX-058-2-3 cross-7:30 PM | AI19: ='18U_M_Classic'!L71&"-"&'18U_M_Classic'!C71&"-"&TEXT('18U_M_Classic'!B71,"h:mm am/pm") -> 18BX-059-2-3 cross-7:30 PM | AJ19: ='18U_M_Classic'!L33&"-"&'18U_M_Classic'!C33&"-"&TEXT('18U_M_Classic'!B33,"h:mm am/pm") -> 18BX-057-2-3 cross-7:30 PM | AK19: ='16U_M_Invite'!L60&"-"&'16U_M_Invite'!C60&"-"&TEXT('16U_M_Invite'!B60,"h:mm am/pm") -> 16BQ-058-2-3 cross-7:30 PM | AL19: ='14U_M_Classic'!L52&"-"&'14U_M_Classic'!C52&"-"&TEXT('14U_M_Classic'!B52,"h:mm am/pm") -> 14BX-059-2-3 cross-7:30 PM | AM19: ='16U_M_Invite'!L79&"-"&'16U_M_Invite'!C79&"-"&TEXT('16U_M_Invite'!B79,"h:mm am/pm") -> 16BQ-059-2-3 cross-7:30 PM | AN19: ='16U_M_Classic'!L71&"-"&'16U_M_Classic'!C71&"-"&TEXT('16U_M_Classic'!B71,"h:mm am/pm") -> 16BX-059-2-3 cross-7:30 PM | AO19: ='16U_M_Classic'!L90&"-"&'16U_M_Classic'!C90&"-"&TEXT('16U_M_Classic'!B90,"h:mm am/pm") -> 16BX-060-2-3 cross-7:30 PM | AP19: ='16U_M_Classic'!L33&"-"&'16U_M_Classic'!C33&"-"&TEXT('16U_M_Classic'!B33,"h:mm am/pm") -> 16BX-057-2-3 cross-7:30 PM | AQ19: ='16U_M_Classic'!L52&"-"&'16U_M_Classic'!C52&"-"&TEXT('16U_M_Classic'!B52,"h:mm am/pm") -> 16BX-058-2-3 cross-7:30 PM | AT19: ='18U_M_INVITE_NEW_23'!L32&"-"&'18U_M_INVITE_NEW_23'!C32&"-"&TEXT('18U_M_INVITE_NEW_23'!B32,"h:mm am/pm") -> 18BQ-027-Cross-7:30 PM | AU19: 0.8125 | AV19: ='16U_M_Champ'!L33&"-"&'16U_M_Champ'!C33&"-"&TEXT('16U_M_Champ'!B33,"h:mm am/pm") -> 16B-057-2-3 cross-7:30 PM | AW19: ='16U_M_Champ'!L52&"-"&'16U_M_Champ'!C52&"-"&TEXT('16U_M_Champ'!B52,"h:mm am/pm") -> 16B-058-2-3 cross-7:30 PM | AX19: ='16U_M_Champ'!L71&"-"&'16U_M_Champ'!C71&"-"&TEXT('16U_M_Champ'!B71,"h:mm am/pm") -> 16B-059-2-3 cross-7:30 PM | AY19: ='16U_M_Champ'!L90&"-"&'16U_M_Champ'!C90&"-"&TEXT('16U_M_Champ'!B90,"h:mm am/pm") -> 16B-060-2-3 cross-7:30 PM
A20: 0.84722222 | C20: ='10U_M_Champ_35'!L32&"-"&'10U_M_Champ_35'!C32&"-"&TEXT('10U_M_Champ_35'!B32,"h:mm am/pm") -> 10B-046-2-3 cross-8:20 PM | D20: ='10U_M_Champ_35'!L52&"-"&'10U_M_Champ_35'!C52&"-"&TEXT('10U_M_Champ_35'!B52,"h:mm am/pm") -> 10B-047-2-3 cross-8:20 PM | E20: ='12U_M_Classic_53'!L272&"-"&'12U_M_Classic_53'!N272&"-"&TEXT('12U_M_Classic_53'!B272,"h:mm am/pm") -> 12BX-146-ag_9th-12th-6:50 PM | F20: ='12U_M_Classic_53'!L104&"-"&'12U_M_Classic_53'!C104&"-"&TEXT('12U_M_Classic_53'!B104,"h:mm am/pm") -> 12BX-063-2's cross 20v29-8:20 PM | G20: ='12U_M_Classic_53'!L124&"-"&'12U_M_Classic_53'!C124&"-"&TEXT('12U_M_Classic_53'!B124,"h:mm am/pm") -> 12BX-064-2's cross 22v27-8:20 PM | I20: 0.84722222 | K20: 0.84722222 | P20: 0.84722222 | U20: ='14U_M_Invite_36'!L72&"-"&'14U_M_Invite_36'!C72&"-"&TEXT('14U_M_Invite_36'!B72,"h:mm am/pm") -> 14BQ-048-2-3 cross-8:20 PM | V20: ='14U_M_Invite_36'!L52&"-"&'14U_M_Invite_36'!C52&"-"&TEXT('14U_M_Invite_36'!B52,"h:mm am/pm") -> 14BQ-047-2-3 cross-8:20 PM | W20: ='14U_M_Invite_36'!L32&"-"&'14U_M_Invite_36'!C32&"-"&TEXT('14U_M_Invite_36'!B32,"h:mm am/pm") -> 14BQ-046-2-3 cross-8:20 PM | X20: 0.84722222 | AD20: ='16U_M_Invite'!L27&"-"&'16U_M_Invite'!C27&"-"&TEXT('16U_M_Invite'!B27,"h:mm am/pm") -> 16BQ-057-2-3 cross-8:20 PM | AE20: ='16U_M_Invite'!L41&"-"&'16U_M_Invite'!C41&"-"&TEXT('16U_M_Invite'!B41,"h:mm am/pm") -> 16BQ-053-2-3 cross-8:10 PM | AU20: 0.84722222
X21: 0.88194444
A26: FRIDAY JULY 24 | I26: FRIDAY JULY 24 | K26: FRIDAY JULY 24 | P26: FRIDAY JULY 24 | X26: FRIDAY JULY 24 | AC26: done by 4:30pm | AD26: start after 4pm | AU26: FRIDAY JULY 24 | BA26: FRIDAY JULY 24
B27: EL TORO HS 1 | C27: EL TORO HS 2 | D27: EL TORO HS 3 | E27: BECKMAN HS 2 | F27: CAPISTRANO VALLEY HS 2 | G27: TUSTIN HS 2 | H27: OCEAN VIEW HS 2 | J27: GOLDEN WEST COLLEGE 2 | L27: ALISO NIGUEL HS | M27: SAN CLEMENTE HS | N27: MISSION VIEJO HS | O27: LAGUNA HILLS HS | Q27: UC IRVINE 1 | R27: UC IRVINE 2 | S27: EL MODENA HS | T27: GARDEN GROVE HS | U27: PORTOLA HS 2 | V27: VILLA PARK HS | W27: TRABUCO HILLS HS | Y27: SADDLEBACK COLLEGE 2 | Z27: FULLERTON HS | AA27: BREA OLINDA HS | AB27: ESPERANZA HS | AC27: OCEAN VIEW HS 1 | AD27: NEWPORT HARBOR HS | AE27: ORANGE COAST COLLEGE 1 | AF27: YORBA LINDA HS | AG27: GOLDEN WEST COLLEGE 1 | AH27: TROY HS | AI27: VALLEY HS (SA) | AJ27: SUNNY HILLS HS | AK27: CAPISTRANO VALLEY HS 1 | AL27: BECKMAN HS 1 | AM27: TUSTIN HS 1 | AN27: SAN JUAN HILLS HS | AO27: PORTOLA HS 1 | AP27: EDISON HS | AQ27: LONG BEACH CC 2 | AR27: SADDLEBACK COLLEGE 1 | AS27: ANAHEIM HS | AT27: LA SERNA HS | AV27: FULLERTON COLLEGE | AW27: LONG BEACH CC 1 | AX27: SERVITE HS | AY27: SONORA HS | AZ27: LA HABRA HS | BB27: NORTHWOOD HS | BC27: JSERRA CHS | BD27: CHAPMAN UNIVERSITY | BE27: WESTMINSTER HS | BF27: MARINA HS | BI27: =COUNTA(B27:BG27) -> 51
A28: 0.29166667 | C28: ='10U_M_Champ_35'!L88&"-"&'10U_M_Champ_35'!O88&"-"&TEXT('10U_M_Champ_35'!B88,"h:mm am/pm") -> 10B-049-pt_Group-7:00 AM | D28: ='10U_M_Champ_35'!L107&"-"&'10U_M_Champ_35'!O107&"-"&TEXT('10U_M_Champ_35'!B107,"h:mm am/pm") -> 10B-050-pt_Group-7:00 AM | F28: ='12U_M_Classic_53'!L208&"-"&'12U_M_Classic_53'!N208&"-"&TEXT('12U_M_Classic_53'!B208,"h:mm am/pm") -> 12BX-066-bz_Group-7:00 AM | H28: ='12U_M_Classic_53'!L191&"-"&'12U_M_Classic_53'!N191&"-"&TEXT('12U_M_Classic_53'!B191,"h:mm am/pm") -> 12BX-65C-bz_Group-7:00 AM | I28: 0.29166667 | K28: 0.29166667 | L28: ='12U_M_Champ'!L118&"-"&'12U_M_Champ'!N118&"-"&TEXT('12U_M_Champ'!B118,"h:mm am/pm") -> 12B-061-pt_Group-7:00 AM | N28: ='12U_M_Champ'!L156&"-"&'12U_M_Champ'!N156&"-"&TEXT('12U_M_Champ'!B156,"h:mm am/pm") -> 12B-063-au_Group-7:00 AM | O28: ='12U_M_Champ'!L175&"-"&'12U_M_Champ'!N175&"-"&TEXT('12U_M_Champ'!B175,"h:mm am/pm") -> 12B-064-au_Group-7:00 AM | P28: 0.29166667 | Q28: ='14U_M_Champ'!L118&"-"&'14U_M_Champ'!N118&"-"&TEXT('14U_M_Champ'!B118,"h:mm am/pm") -> 14B-061-pt_Group-7:00 AM | R28: ='14U_M_Champ'!L137&"-"&'14U_M_Champ'!N137&"-"&TEXT('14U_M_Champ'!B137,"h:mm am/pm") -> 14B-062-pt_Group-7:00 AM | S28: ='14U_M_Champ'!L156&"-"&'14U_M_Champ'!N156&"-"&TEXT('14U_M_Champ'!B156,"h:mm am/pm") -> 14B-063-au_Group-7:00 AM | T28: ='14U_M_Champ'!L175&"-"&'14U_M_Champ'!N175&"-"&TEXT('14U_M_Champ'!B175,"h:mm am/pm") -> 14B-064-au_Group-7:00 AM | U28: ='12U_M_Champ'!L137&"-"&'12U_M_Champ'!N137&"-"&TEXT('12U_M_Champ'!B137,"h:mm am/pm") -> 12B-062-pt_Group-7:00 AM | V28: ='14U_M_Invite_36'!L109&"-"&'14U_M_Invite_36'!O109&"-"&TEXT('14U_M_Invite_36'!B109,"h:mm am/pm") -> 14BQ-050-ni_Group-7:00 AM | W28: ='14U_M_Invite_36'!L134&"-"&'14U_M_Invite_36'!O134&"-"&TEXT('14U_M_Invite_36'!B134,"h:mm am/pm") -> 14BQ-053-cu_Group-7:00 AM | X28: 0.29166667 | AA28: ='14U_M_Classic'!L165&"-"&'14U_M_Classic'!C165&"-"&TEXT('14U_M_Classic'!B165,"h:mm am/pm") -> 14BX-063-Group-7:00 AM | AB28: ='14U_M_Classic'!L184&"-"&'14U_M_Classic'!C184&"-"&TEXT('14U_M_Classic'!B184,"h:mm am/pm") -> 14BX-064-Group-7:00 AM | AC28: ='14U_M_Classic'!L124&"-"&'14U_M_Classic'!N124&"-"&TEXT('14U_M_Classic'!B124,"h:mm am/pm") -> 14BX-061-ag_Group-7:00 AM | AE28: ='16U_M_Classic'!L118&"-"&'16U_M_Classic'!O118&"-"&TEXT('16U_M_Classic'!B118,"h:mm am/pm") -> 16BX-061-ag_Group-7:00 AM | AF28: ='18U_M_INVITE_NEW_23'!L72&"-"&'18U_M_INVITE_NEW_23'!N72&"-"&TEXT('18U_M_INVITE_NEW_23'!B72,"h:mm am/pm") -> 18BQ-029-ni_Group-7:00 AM | AG28: ='16U_M_Invite'!L126&"-"&'16U_M_Invite'!O126&"-"&TEXT('16U_M_Invite'!B126,"h:mm am/pm") -> 16BQ-061-ni_Group-7:00 AM | AH28: ='18U_M_Classic'!L137&"-"&'18U_M_Classic'!O137&"-"&TEXT('18U_M_Classic'!B137,"h:mm am/pm") -> 18BX-062-ag_Group-7:00 AM | AI28: ='18U_M_Classic'!L156&"-"&'18U_M_Classic'!O156&"-"&TEXT('18U_M_Classic'!B156,"h:mm am/pm") -> 18BX-063-bz_Group-7:00 AM | AJ28: ='18U_M_Classic'!L118&"-"&'18U_M_Classic'!O118&"-"&TEXT('18U_M_Classic'!B118,"h:mm am/pm") -> 18BX-061-ag_Group-7:00 AM | AK28: ='16U_M_Invite'!L164&"-"&'16U_M_Invite'!O164&"-"&TEXT('16U_M_Invite'!B164,"h:mm am/pm") -> 16BQ-063-cu_Group-7:00 AM | AL28: ='16U_M_Invite'!L183&"-"&'16U_M_Invite'!O183&"-"&TEXT('16U_M_Invite'!B183,"h:mm am/pm") -> 16BQ-064-cu_Group-7:00 AM | AM28: ='14U_M_Classic'!L146&"-"&'14U_M_Classic'!C146&"-"&TEXT('14U_M_Classic'!B146,"h:mm am/pm") -> 14BX-062-Group-7:00 AM | AN28: ='16U_M_Classic'!L137&"-"&'16U_M_Classic'!O137&"-"&TEXT('16U_M_Classic'!B137,"h:mm am/pm") -> 16BX-062-ag_Group-7:00 AM | AO28: ='16U_M_Invite'!L145&"-"&'16U_M_Invite'!O145&"-"&TEXT('16U_M_Invite'!B145,"h:mm am/pm") -> 16BQ-062-ni_Group-7:00 AM | AP28: ='16U_M_Classic'!L175&"-"&'16U_M_Classic'!O175&"-"&TEXT('16U_M_Classic'!B175,"h:mm am/pm") -> 16BX-064-bz_Group-7:00 AM | AQ28: ='16U_M_Classic'!L156&"-"&'16U_M_Classic'!O156&"-"&TEXT('16U_M_Classic'!B156,"h:mm am/pm") -> 16BX-063-bz_Group-7:00 AM | AR28: ='14U_M_Invite_36'!L90&"-"&'14U_M_Invite_36'!O90&"-"&TEXT('14U_M_Invite_36'!B90,"h:mm am/pm") -> 14BQ-049-ni_Group-7:00 AM | AS28: ='18U_M_Classic'!L175&"-"&'18U_M_Classic'!O175&"-"&TEXT('18U_M_Classic'!B175,"h:mm am/pm") -> 18BX-064-bz_Group-7:00 AM | AT28: ='18U_M_INVITE_NEW_23'!L87&"-"&'18U_M_INVITE_NEW_23'!N87&"-"&TEXT('18U_M_INVITE_NEW_23'!B87,"h:mm am/pm") -> 18BQ-030-cu_Group-7:00 AM | AU28: 0.29166667 | AV28: ='16U_M_Champ'!L118&"-"&'16U_M_Champ'!O118&"-"&TEXT('16U_M_Champ'!B118,"h:mm am/pm") -> 16B-061-pt_Group-7:00 AM | AW28: ='16U_M_Champ'!L137&"-"&'16U_M_Champ'!O137&"-"&TEXT('16U_M_Champ'!B137,"h:mm am/pm") -> 16B-062-pt_Group-7:00 AM | AX28: ='16U_M_Champ'!L156&"-"&'16U_M_Champ'!O156&"-"&TEXT('16U_M_Champ'!B156,"h:mm am/pm") -> 16B-063-au_Group-7:00 AM | AY28: ='16U_M_Champ'!L175&"-"&'16U_M_Champ'!O175&"-"&TEXT('16U_M_Champ'!B175,"h:mm am/pm") -> 16B-064-au_Group-7:00 AM | BA28: 0.29166667 | BC28: ='18U_M_Champ'!L182&"-"&'18U_M_Champ'!N182&"-"&TEXT('18U_M_Champ'!B182,"h:mm am/pm") -> 18B-063-au_Group-7:00 AM | BD28: ='18U_M_Champ'!L134&"-"&'18U_M_Champ'!N134&"-"&TEXT('18U_M_Champ'!B134,"h:mm am/pm") -> 18B-065-pt_Group-7:00 AM | BE28: ='18U_M_Champ'!L150&"-"&'18U_M_Champ'!N150&"-"&TEXT('18U_M_Champ'!B150,"h:mm am/pm") -> 18B-061-au_Group-7:00 AM | BF28: ='18U_M_Champ'!L166&"-"&'18U_M_Champ'!N166&"-"&TEXT('18U_M_Champ'!B166,"h:mm am/pm") -> 18B-062-au_Group-7:00 AM
A29: 0.32638889 | C29: ='10U_M_Champ_35'!L89&"-"&'10U_M_Champ_35'!O89&"-"&TEXT('10U_M_Champ_35'!B89,"h:mm am/pm") -> 10B-051-pt_Group-7:50 AM | D29: ='10U_M_Champ_35'!L108&"-"&'10U_M_Champ_35'!O108&"-"&TEXT('10U_M_Champ_35'!B108,"h:mm am/pm") -> 10B-052-pt_Group-7:50 AM | F29: ='12U_M_Classic_53'!L209&"-"&'12U_M_Classic_53'!N209&"-"&TEXT('12U_M_Classic_53'!B209,"h:mm am/pm") -> 12BX-070-bz_U Group of 4-7:50 AM | H29: ='12U_M_Classic_53'!L192&"-"&'12U_M_Classic_53'!N192&"-"&TEXT('12U_M_Classic_53'!B192,"h:mm am/pm") -> 12BX-069-bz_Group-7:50 AM | I29: 0.32638889 | K29: 0.32638889 | L29: ='12U_M_Champ'!L119&"-"&'12U_M_Champ'!N119&"-"&TEXT('12U_M_Champ'!B119,"h:mm am/pm") -> 12B-065-pt_Group-7:50 AM | N29: ='12U_M_Champ'!L157&"-"&'12U_M_Champ'!N157&"-"&TEXT('12U_M_Champ'!B157,"h:mm am/pm") -> 12B-067-au_Group-7:50 AM | O29: ='12U_M_Champ'!L176&"-"&'12U_M_Champ'!N176&"-"&TEXT('12U_M_Champ'!B176,"h:mm am/pm") -> 12B-068-au_Group-7:50 AM | P29: 0.32638889 | Q29: ='14U_M_Champ'!L119&"-"&'14U_M_Champ'!N119&"-"&TEXT('14U_M_Champ'!B119,"h:mm am/pm") -> 14B-065-pt_Group-7:50 AM | R29: ='14U_M_Champ'!L138&"-"&'14U_M_Champ'!N138&"-"&TEXT('14U_M_Champ'!B138,"h:mm am/pm") -> 14B-066-pt_Group-7:50 AM | S29: ='14U_M_Champ'!L157&"-"&'14U_M_Champ'!N157&"-"&TEXT('14U_M_Champ'!B157,"h:mm am/pm") -> 14B-067-au_Group-7:50 AM | T29: ='14U_M_Champ'!L176&"-"&'14U_M_Champ'!N176&"-"&TEXT('14U_M_Champ'!B176,"h:mm am/pm") -> 14B-068-au_Group-7:50 AM | U29: ='12U_M_Champ'!L138&"-"&'12U_M_Champ'!N138&"-"&TEXT('12U_M_Champ'!B138,"h:mm am/pm") -> 12B-066-pt_Group-7:50 AM | V29: ='14U_M_Invite_36'!L110&"-"&'14U_M_Invite_36'!O110&"-"&TEXT('14U_M_Invite_36'!B110,"h:mm am/pm") -> 14BQ-052-ni_Group-7:50 AM | W29: ='14U_M_Invite_36'!L135&"-"&'14U_M_Invite_36'!O135&"-"&TEXT('14U_M_Invite_36'!B135,"h:mm am/pm") -> 14BQ-056-cu_Group-7:50 AM | X29: 0.32638889 | AA29: ='14U_M_Classic'!L166&"-"&'14U_M_Classic'!C166&"-"&TEXT('14U_M_Classic'!B166,"h:mm am/pm") -> 14BX-067-Group-7:50 AM | AB29: ='14U_M_Classic'!L185&"-"&'14U_M_Classic'!C185&"-"&TEXT('14U_M_Classic'!B185,"h:mm am/pm") -> 14BX-068-Group-7:50 AM | AC29: ='14U_M_Classic'!L125&"-"&'14U_M_Classic'!C125&"-"&TEXT('14U_M_Classic'!B125,"h:mm am/pm") -> 14BX-065-Group-7:50 AM | AE29: ='16U_M_Classic'!L119&"-"&'16U_M_Classic'!O119&"-"&TEXT('16U_M_Classic'!B119,"h:mm am/pm") -> 16BX-065-ag_Group-7:50 AM | AF29: ='18U_M_INVITE_NEW_23'!L73&"-"&'18U_M_INVITE_NEW_23'!N73&"-"&TEXT('18U_M_INVITE_NEW_23'!B73,"h:mm am/pm") -> 18BQ-031-ni_Group-7:50 AM | AG29: ='16U_M_Invite'!L127&"-"&'16U_M_Invite'!O127&"-"&TEXT('16U_M_Invite'!B127,"h:mm am/pm") -> 16BQ-065-ni_Group-7:50 AM | AH29: ='18U_M_Classic'!L138&"-"&'18U_M_Classic'!O138&"-"&TEXT('18U_M_Classic'!B138,"h:mm am/pm") -> 18BX-066-ag_Group-7:50 AM | AI29: ='18U_M_Classic'!L157&"-"&'18U_M_Classic'!O157&"-"&TEXT('18U_M_Classic'!B157,"h:mm am/pm") -> 18BX-067-bz_Group-7:50 AM | AJ29: ='18U_M_Classic'!L119&"-"&'18U_M_Classic'!O119&"-"&TEXT('18U_M_Classic'!B119,"h:mm am/pm") -> 18BX-065-ag_Group-7:50 AM | AK29: ='16U_M_Invite'!L165&"-"&'16U_M_Invite'!O165&"-"&TEXT('16U_M_Invite'!B165,"h:mm am/pm") -> 16BQ-067-cu_Group-7:50 AM | AL29: ='16U_M_Invite'!L184&"-"&'16U_M_Invite'!O184&"-"&TEXT('16U_M_Invite'!B184,"h:mm am/pm") -> 16BQ-068-cu_Group-7:50 AM | AM29: ='14U_M_Classic'!L147&"-"&'14U_M_Classic'!C147&"-"&TEXT('14U_M_Classic'!B147,"h:mm am/pm") -> 14BX-066-Group-7:50 AM | AN29: ='16U_M_Classic'!L138&"-"&'16U_M_Classic'!O138&"-"&TEXT('16U_M_Classic'!B138,"h:mm am/pm") -> 16BX-066-ag_Group-7:50 AM | AO29: ='16U_M_Invite'!L146&"-"&'16U_M_Invite'!O146&"-"&TEXT('16U_M_Invite'!B146,"h:mm am/pm") -> 16BQ-066-ni_Group-7:50 AM | AP29: ='16U_M_Classic'!L176&"-"&'16U_M_Classic'!O176&"-"&TEXT('16U_M_Classic'!B176,"h:mm am/pm") -> 16BX-068-bz_Group-7:50 AM | AQ29: ='16U_M_Classic'!L157&"-"&'16U_M_Classic'!O157&"-"&TEXT('16U_M_Classic'!B157,"h:mm am/pm") -> 16BX-067-bz_Group-7:50 AM | AR29: ='14U_M_Invite_36'!L91&"-"&'14U_M_Invite_36'!O91&"-"&TEXT('14U_M_Invite_36'!B91,"h:mm am/pm") -> 14BQ-051-ni_Group-7:50 AM | AS29: ='18U_M_Classic'!L176&"-"&'18U_M_Classic'!O176&"-"&TEXT('18U_M_Classic'!B176,"h:mm am/pm") -> 18BX-068-bz_Group-7:50 AM | AT29: ='18U_M_INVITE_NEW_23'!L88&"-"&'18U_M_INVITE_NEW_23'!N88&"-"&TEXT('18U_M_INVITE_NEW_23'!B88,"h:mm am/pm") -> 18BQ-032-cu_Group-7:50 AM | AU29: 0.32638889 | AV29: ='16U_M_Champ'!L119&"-"&'16U_M_Champ'!O119&"-"&TEXT('16U_M_Champ'!B119,"h:mm am/pm") -> 16B-065-pt_Group-7:50 AM | AW29: ='16U_M_Champ'!L138&"-"&'16U_M_Champ'!O138&"-"&TEXT('16U_M_Champ'!B138,"h:mm am/pm") -> 16B-066-pt_Group-7:50 AM | AX29: ='16U_M_Champ'!L157&"-"&'16U_M_Champ'!O157&"-"&TEXT('16U_M_Champ'!B157,"h:mm am/pm") -> 16B-067-au_Group-7:50 AM | AY29: ='16U_M_Champ'!L176&"-"&'16U_M_Champ'!O176&"-"&TEXT('16U_M_Champ'!B176,"h:mm am/pm") -> 16B-068-au_Group-7:50 AM | BA29: 0.33333333 | BB29: ='18U_M_Champ'!L122&"-"&'18U_M_Champ'!N122&"-"&TEXT('18U_M_Champ'!B122,"h:mm am/pm") -> 18B-064-pt_Group-8:00 AM | BC29: ='18U_M_Champ'!L183&"-"&'18U_M_Champ'!N183&"-"&TEXT('18U_M_Champ'!B183,"h:mm am/pm") -> 18B-069-pt_Group-8:00 AM | BD29: ='18U_M_Champ'!L135&"-"&'18U_M_Champ'!N135&"-"&TEXT('18U_M_Champ'!B135,"h:mm am/pm") -> 18B-070-pt_Group-8:00 AM | BE29: ='18U_M_Champ'!L151&"-"&'18U_M_Champ'!N151&"-"&TEXT('18U_M_Champ'!B151,"h:mm am/pm") -> 18B-066-au_Group-8:00 AM | BF29: ='18U_M_Champ'!L167&"-"&'18U_M_Champ'!N167&"-"&TEXT('18U_M_Champ'!B167,"h:mm am/pm") -> 18B-067-au_Group-8:00 AM
A30: 0.36111111 | B30: ='10U_M_Champ_35'!L134&"-"&'10U_M_Champ_35'!O134&"-"&TEXT('10U_M_Champ_35'!B134,"h:mm am/pm") -> 10B-053-au_Group-8:40 AM | C30: ='10U_M_Champ_35'!L90&"-"&'10U_M_Champ_35'!O90&"-"&TEXT('10U_M_Champ_35'!B90,"h:mm am/pm") -> 10B-054-pt_Group-8:40 AM | D30: ='10U_M_Champ_35'!L109&"-"&'10U_M_Champ_35'!O109&"-"&TEXT('10U_M_Champ_35'!B109,"h:mm am/pm") -> 10B-055-pt_Group-8:40 AM | F30: ='12U_M_Classic_53'!L210&"-"&'12U_M_Classic_53'!N210&"-"&TEXT('12U_M_Classic_53'!B210,"h:mm am/pm") -> 12BX-106-bz_U Group of 4-8:40 AM | H30: ='12U_M_Classic_53'!L193&"-"&'12U_M_Classic_53'!N193&"-"&TEXT('12U_M_Classic_53'!B193,"h:mm am/pm") -> 12BX-073-bz_R Group of 4-8:40 AM | I30: 0.36111111 | J30: ='12U_M_Classic_53'!L161&"-"&'12U_M_Classic_53'!N161&"-"&TEXT('12U_M_Classic_53'!B161,"h:mm am/pm") -> 12BX-65A-ag_Group-8:40 AM | K30: 0.36111111 | L30: ='12U_M_Champ'!L120&"-"&'12U_M_Champ'!N120&"-"&TEXT('12U_M_Champ'!B120,"h:mm am/pm") -> 12B-069-pt_Group-8:40 AM | M30: ='12U_M_Classic_53'!L176&"-"&'12U_M_Classic_53'!N176&"-"&TEXT('12U_M_Classic_53'!B176,"h:mm am/pm") -> 12BX-65B-ag_Group-8:40 AM | N30: ='12U_M_Champ'!L158&"-"&'12U_M_Champ'!N158&"-"&TEXT('12U_M_Champ'!B158,"h:mm am/pm") -> 12B-071-au_Group-8:40 AM | O30: ='12U_M_Champ'!L177&"-"&'12U_M_Champ'!N177&"-"&TEXT('12U_M_Champ'!B177,"h:mm am/pm") -> 12B-072-au_Group-8:40 AM | P30: 0.36111111 | Q30: ='14U_M_Champ'!L120&"-"&'14U_M_Champ'!N120&"-"&TEXT('14U_M_Champ'!B120,"h:mm am/pm") -> 14B-069-pt_Group-8:40 AM | R30: ='14U_M_Champ'!L139&"-"&'14U_M_Champ'!N139&"-"&TEXT('14U_M_Champ'!B139,"h:mm am/pm") -> 14B-070-pt_Group-8:40 AM | S30: ='14U_M_Champ'!L158&"-"&'14U_M_Champ'!N158&"-"&TEXT('14U_M_Champ'!B158,"h:mm am/pm") -> 14B-071-au_Group-8:40 AM | T30: ='14U_M_Champ'!L177&"-"&'14U_M_Champ'!N177&"-"&TEXT('14U_M_Champ'!B177,"h:mm am/pm") -> 14B-072-au_Group-8:40 AM | U30: ='12U_M_Champ'!L139&"-"&'12U_M_Champ'!N139&"-"&TEXT('12U_M_Champ'!B139,"h:mm am/pm") -> 12B-070-pt_Group-8:40 AM | V30: ='14U_M_Invite_36'!L111&"-"&'14U_M_Invite_36'!O111&"-"&TEXT('14U_M_Invite_36'!B111,"h:mm am/pm") -> 14BQ-055-ni_Group-8:40 AM | W30: ='14U_M_Invite_36'!L136&"-"&'14U_M_Invite_36'!O136&"-"&TEXT('14U_M_Invite_36'!B136,"h:mm am/pm") -> 14BQ-059-cu_Group-8:40 AM | X30: 0.36111111 | AA30: ='14U_M_Classic'!L167&"-"&'14U_M_Classic'!C167&"-"&TEXT('14U_M_Classic'!B167,"h:mm am/pm") -> 14BX-071-Group-8:40 AM | AB30: ='14U_M_Classic'!L186&"-"&'14U_M_Classic'!C186&"-"&TEXT('14U_M_Classic'!B186,"h:mm am/pm") -> 14BX-072-Group-8:40 AM | AC30: ='14U_M_Classic'!L126&"-"&'14U_M_Classic'!C126&"-"&TEXT('14U_M_Classic'!B126,"h:mm am/pm") -> 14BX-069-Group-8:40 AM | AE30: ='16U_M_Classic'!L120&"-"&'16U_M_Classic'!O120&"-"&TEXT('16U_M_Classic'!B120,"h:mm am/pm") -> 16BX-069-ag_Group-8:40 AM | AF30: ='18U_M_INVITE_NEW_23'!L74&"-"&'18U_M_INVITE_NEW_23'!N74&"-"&TEXT('18U_M_INVITE_NEW_23'!B74,"h:mm am/pm") -> 18BQ-033-ni_Group-8:40 AM | AG30: ='16U_M_Invite'!L128&"-"&'16U_M_Invite'!O128&"-"&TEXT('16U_M_Invite'!B128,"h:mm am/pm") -> 16BQ-069-ni_Group-8:40 AM | AH30: ='18U_M_Classic'!L139&"-"&'18U_M_Classic'!O139&"-"&TEXT('18U_M_Classic'!B139,"h:mm am/pm") -> 18BX-070-ag_Group-8:40 AM | AI30: ='18U_M_Classic'!L158&"-"&'18U_M_Classic'!O158&"-"&TEXT('18U_M_Classic'!B158,"h:mm am/pm") -> 18BX-071-bz_Group-8:40 AM | AJ30: ='18U_M_Classic'!L120&"-"&'18U_M_Classic'!O120&"-"&TEXT('18U_M_Classic'!B120,"h:mm am/pm") -> 18BX-069-ag_Group-8:40 AM | AK30: ='16U_M_Invite'!L166&"-"&'16U_M_Invite'!O166&"-"&TEXT('16U_M_Invite'!B166,"h:mm am/pm") -> 16BQ-071-cu_Group-8:40 AM | AL30: ='16U_M_Invite'!L185&"-"&'16U_M_Invite'!O185&"-"&TEXT('16U_M_Invite'!B185,"h:mm am/pm") -> 16BQ-072-cu_Group-8:40 AM | AM30: ='14U_M_Classic'!L148&"-"&'14U_M_Classic'!C148&"-"&TEXT('14U_M_Classic'!B148,"h:mm am/pm") -> 14BX-070-Group-8:40 AM | AN30: ='16U_M_Classic'!L139&"-"&'16U_M_Classic'!O139&"-"&TEXT('16U_M_Classic'!B139,"h:mm am/pm") -> 16BX-070-ag_Group-8:40 AM | AO30: ='16U_M_Invite'!L147&"-"&'16U_M_Invite'!O147&"-"&TEXT('16U_M_Invite'!B147,"h:mm am/pm") -> 16BQ-070-ni_Group-8:40 AM | AP30: ='16U_M_Classic'!L177&"-"&'16U_M_Classic'!O177&"-"&TEXT('16U_M_Classic'!B177,"h:mm am/pm") -> 16BX-072-bz_Group-8:40 AM | AQ30: ='16U_M_Classic'!L158&"-"&'16U_M_Classic'!O158&"-"&TEXT('16U_M_Classic'!B158,"h:mm am/pm") -> 16BX-071-bz_Group-8:40 AM | AR30: ='14U_M_Invite_36'!L92&"-"&'14U_M_Invite_36'!O92&"-"&TEXT('14U_M_Invite_36'!B92,"h:mm am/pm") -> 14BQ-054-ni_Group-8:40 AM | AS30: ='18U_M_Classic'!L177&"-"&'18U_M_Classic'!O177&"-"&TEXT('18U_M_Classic'!B177,"h:mm am/pm") -> 18BX-072-bz_Group-8:40 AM | AT30: ='18U_M_INVITE_NEW_23'!L89&"-"&'18U_M_INVITE_NEW_23'!N89&"-"&TEXT('18U_M_INVITE_NEW_23'!B89,"h:mm am/pm") -> 18BQ-034-cu_Group-8:40 AM | AU30: 0.36111111 | AV30: ='16U_M_Champ'!L120&"-"&'16U_M_Champ'!O120&"-"&TEXT('16U_M_Champ'!B120,"h:mm am/pm") -> 16B-069-pt_Group-8:40 AM | AW30: ='16U_M_Champ'!L139&"-"&'16U_M_Champ'!O139&"-"&TEXT('16U_M_Champ'!B139,"h:mm am/pm") -> 16B-070-pt_Group-8:40 AM | AX30: ='16U_M_Champ'!L158&"-"&'16U_M_Champ'!O158&"-"&TEXT('16U_M_Champ'!B158,"h:mm am/pm") -> 16B-071-au_Group-8:40 AM | AY30: ='16U_M_Champ'!L177&"-"&'16U_M_Champ'!O177&"-"&TEXT('16U_M_Champ'!B177,"h:mm am/pm") -> 16B-072-au_Group-8:40 AM | BA30: 0.375 | BB30: ='18U_M_Champ'!L123&"-"&'18U_M_Champ'!N123&"-"&TEXT('18U_M_Champ'!B123,"h:mm am/pm") -> 18B-068-pt_Group-9:00 AM | BC30: ='18U_M_Champ'!L184&"-"&'18U_M_Champ'!N184&"-"&TEXT('18U_M_Champ'!B184,"h:mm am/pm") -> 18B-073-pt_Group-9:00 AM | BD30: ='18U_M_Champ'!L136&"-"&'18U_M_Champ'!N136&"-"&TEXT('18U_M_Champ'!B136,"h:mm am/pm") -> 18B-075-pt_Group-9:00 AM | BE30: ='18U_M_Champ'!L152&"-"&'18U_M_Champ'!N152&"-"&TEXT('18U_M_Champ'!B152,"h:mm am/pm") -> 18B-071-au_Group-9:00 AM | BF30: ='18U_M_Champ'!L168&"-"&'18U_M_Champ'!N168&"-"&TEXT('18U_M_Champ'!B168,"h:mm am/pm") -> 18B-072-au_Group-9:00 AM
A31: 0.39583333 | B31: ='10U_M_Champ_35'!L135&"-"&'10U_M_Champ_35'!O135&"-"&TEXT('10U_M_Champ_35'!B135,"h:mm am/pm") -> 10B-056-au_W/L-9:30 AM | C31: ='10U_M_Champ_35'!L91&"-"&'10U_M_Champ_35'!O91&"-"&TEXT('10U_M_Champ_35'!B91,"h:mm am/pm") -> 10B-057-pt_Group-9:30 AM | D31: ='10U_M_Champ_35'!L110&"-"&'10U_M_Champ_35'!O110&"-"&TEXT('10U_M_Champ_35'!B110,"h:mm am/pm") -> 10B-058-pt_Group-9:30 AM | F31: ='12U_M_Classic_53'!L211&"-"&'12U_M_Classic_53'!N211&"-"&TEXT('12U_M_Classic_53'!B211,"h:mm am/pm") -> 12BX-074-bz_P group of 4-9:30 AM | H31: ='12U_M_Classic_53'!L194&"-"&'12U_M_Classic_53'!N194&"-"&TEXT('12U_M_Classic_53'!B194,"h:mm am/pm") -> 12BX-73A-bz_R Group of 4-9:30 AM | I31: 0.39583333 | J31: ='12U_M_Classic_53'!L162&"-"&'12U_M_Classic_53'!N162&"-"&TEXT('12U_M_Classic_53'!B162,"h:mm am/pm") -> 12BX-067-ag_Group-9:30 AM | K31: 0.39583333 | L31: ='12U_M_Champ'!L121&"-"&'12U_M_Champ'!N121&"-"&TEXT('12U_M_Champ'!B121,"h:mm am/pm") -> 12B-073-pt_Group-9:30 AM | M31: ='12U_M_Classic_53'!L177&"-"&'12U_M_Classic_53'!N177&"-"&TEXT('12U_M_Classic_53'!B177,"h:mm am/pm") -> 12BX-068-ag_Group-9:30 AM | N31: ='12U_M_Champ'!L159&"-"&'12U_M_Champ'!N159&"-"&TEXT('12U_M_Champ'!B159,"h:mm am/pm") -> 12B-075-au_Group-9:30 AM | O31: ='12U_M_Champ'!L178&"-"&'12U_M_Champ'!N178&"-"&TEXT('12U_M_Champ'!B178,"h:mm am/pm") -> 12B-076-au_Group-9:30 AM | P31: 0.39583333 | Q31: ='14U_M_Champ'!L121&"-"&'14U_M_Champ'!N121&"-"&TEXT('14U_M_Champ'!B121,"h:mm am/pm") -> 14B-073-pt_Group-9:30 AM | R31: ='14U_M_Champ'!L140&"-"&'14U_M_Champ'!N140&"-"&TEXT('14U_M_Champ'!B140,"h:mm am/pm") -> 14B-074-pt_Group-9:30 AM | S31: ='14U_M_Champ'!L159&"-"&'14U_M_Champ'!N159&"-"&TEXT('14U_M_Champ'!B159,"h:mm am/pm") -> 14B-075-au_Group-9:30 AM | T31: ='14U_M_Champ'!L178&"-"&'14U_M_Champ'!N178&"-"&TEXT('14U_M_Champ'!B178,"h:mm am/pm") -> 14B-076-au_Group-9:30 AM | U31: ='12U_M_Champ'!L140&"-"&'12U_M_Champ'!N140&"-"&TEXT('12U_M_Champ'!B140,"h:mm am/pm") -> 12B-074-pt_Group-9:30 AM | V31: ='14U_M_Invite_36'!L112&"-"&'14U_M_Invite_36'!O112&"-"&TEXT('14U_M_Invite_36'!B112,"h:mm am/pm") -> 14BQ-058-ni_Group-9:30 AM | W31: ='14U_M_Invite_36'!L137&"-"&'14U_M_Invite_36'!O137&"-"&TEXT('14U_M_Invite_36'!B137,"h:mm am/pm") -> 14BQ-062-cu_Group-9:30 AM | X31: 0.39583333 | AA31: ='14U_M_Classic'!L168&"-"&'14U_M_Classic'!C168&"-"&TEXT('14U_M_Classic'!B168,"h:mm am/pm") -> 14BX-075-Group-9:30 AM | AB31: ='14U_M_Classic'!L187&"-"&'14U_M_Classic'!C187&"-"&TEXT('14U_M_Classic'!B187,"h:mm am/pm") -> 14BX-076-Group-9:30 AM | AC31: ='14U_M_Classic'!L127&"-"&'14U_M_Classic'!C127&"-"&TEXT('14U_M_Classic'!B127,"h:mm am/pm") -> 14BX-073-Group-9:30 AM | AE31: ='16U_M_Classic'!L121&"-"&'16U_M_Classic'!O121&"-"&TEXT('16U_M_Classic'!B121,"h:mm am/pm") -> 16BX-073-ag_Group-9:30 AM | AF31: ='18U_M_INVITE_NEW_23'!L75&"-"&'18U_M_INVITE_NEW_23'!N75&"-"&TEXT('18U_M_INVITE_NEW_23'!B75,"h:mm am/pm") -> 18BQ-035-ni_Group-9:30 AM | AG31: ='16U_M_Invite'!L129&"-"&'16U_M_Invite'!O129&"-"&TEXT('16U_M_Invite'!B129,"h:mm am/pm") -> 16BQ-073-ni_Group-9:30 AM | AH31: ='18U_M_Classic'!L140&"-"&'18U_M_Classic'!O140&"-"&TEXT('18U_M_Classic'!B140,"h:mm am/pm") -> 18BX-074-ag_Group-9:30 AM | AI31: ='18U_M_Classic'!L159&"-"&'18U_M_Classic'!O159&"-"&TEXT('18U_M_Classic'!B159,"h:mm am/pm") -> 18BX-075-bz_Group-9:30 AM | AJ31: ='18U_M_Classic'!L121&"-"&'18U_M_Classic'!O121&"-"&TEXT('18U_M_Classic'!B121,"h:mm am/pm") -> 18BX-073-ag_Group-9:30 AM | AK31: ='16U_M_Invite'!L167&"-"&'16U_M_Invite'!O167&"-"&TEXT('16U_M_Invite'!B167,"h:mm am/pm") -> 16BQ-075-cu_Group-9:30 AM | AL31: ='16U_M_Invite'!L186&"-"&'16U_M_Invite'!O186&"-"&TEXT('16U_M_Invite'!B186,"h:mm am/pm") -> 16BQ-076-cu_Group-9:30 AM | AM31: ='14U_M_Classic'!L149&"-"&'14U_M_Classic'!C149&"-"&TEXT('14U_M_Classic'!B149,"h:mm am/pm") -> 14BX-074-Group-9:30 AM | AN31: ='16U_M_Classic'!L140&"-"&'16U_M_Classic'!O140&"-"&TEXT('16U_M_Classic'!B140,"h:mm am/pm") -> 16BX-074-ag_Group-9:30 AM | AO31: ='16U_M_Invite'!L148&"-"&'16U_M_Invite'!O148&"-"&TEXT('16U_M_Invite'!B148,"h:mm am/pm") -> 16BQ-074-ni_Group-9:30 AM | AP31: ='16U_M_Classic'!L178&"-"&'16U_M_Classic'!O178&"-"&TEXT('16U_M_Classic'!B178,"h:mm am/pm") -> 16BX-076-bz_Group-9:30 AM | AQ31: ='16U_M_Classic'!L159&"-"&'16U_M_Classic'!O159&"-"&TEXT('16U_M_Classic'!B159,"h:mm am/pm") -> 16BX-075-bz_Group-9:30 AM | AR31: ='14U_M_Invite_36'!L93&"-"&'14U_M_Invite_36'!O93&"-"&TEXT('14U_M_Invite_36'!B93,"h:mm am/pm") -> 14BQ-057-ni_Group-9:30 AM | AS31: ='18U_M_Classic'!L178&"-"&'18U_M_Classic'!O178&"-"&TEXT('18U_M_Classic'!B178,"h:mm am/pm") -> 18BX-076-bz_Group-9:30 AM | AT31: ='18U_M_INVITE_NEW_23'!L90&"-"&'18U_M_INVITE_NEW_23'!N90&"-"&TEXT('18U_M_INVITE_NEW_23'!B90,"h:mm am/pm") -> 18BQ-036-cu_Group-9:30 AM | AU31: 0.39583333 | AV31: ='16U_M_Champ'!L121&"-"&'16U_M_Champ'!O121&"-"&TEXT('16U_M_Champ'!B121,"h:mm am/pm") -> 16B-073-pt_Group-9:30 AM | AW31: ='16U_M_Champ'!L140&"-"&'16U_M_Champ'!O140&"-"&TEXT('16U_M_Champ'!B140,"h:mm am/pm") -> 16B-074-pt_Group-9:30 AM | AX31: ='16U_M_Champ'!L159&"-"&'16U_M_Champ'!O159&"-"&TEXT('16U_M_Champ'!B159,"h:mm am/pm") -> 16B-075-au_Group-9:30 AM | AY31: ='16U_M_Champ'!L178&"-"&'16U_M_Champ'!O178&"-"&TEXT('16U_M_Champ'!B178,"h:mm am/pm") -> 16B-076-au_Group-9:30 AM | BA31: 0.41666667 | BB31: ='18U_M_Champ'!L124&"-"&'18U_M_Champ'!N124&"-"&TEXT('18U_M_Champ'!B124,"h:mm am/pm") -> 18B-074-pt_Group-10:00 AM | BC31: ='18U_M_Champ'!L185&"-"&'18U_M_Champ'!N185&"-"&TEXT('18U_M_Champ'!B185,"h:mm am/pm") -> 18B-078-au_Group-10:00 AM | BD31: ='18U_M_Champ'!L137&"-"&'18U_M_Champ'!N137&"-"&TEXT('18U_M_Champ'!B137,"h:mm am/pm") -> 18B-080-pt_Group-10:00 AM | BE31: ='18U_M_Champ'!L153&"-"&'18U_M_Champ'!N153&"-"&TEXT('18U_M_Champ'!B153,"h:mm am/pm") -> 18B-076-au_Group-10:00 AM | BF31: ='18U_M_Champ'!L169&"-"&'18U_M_Champ'!N169&"-"&TEXT('18U_M_Champ'!B169,"h:mm am/pm") -> 18B-102-au_Group-10:00 AM
A32: 0.43055556 | B32: ='10U_M_Champ_35'!L136&"-"&'10U_M_Champ_35'!O136&"-"&TEXT('10U_M_Champ_35'!B136,"h:mm am/pm") -> 10B-059-au_W/L-10:20 AM | C32: ='10U_M_Champ_35'!L92&"-"&'10U_M_Champ_35'!O92&"-"&TEXT('10U_M_Champ_35'!B92,"h:mm am/pm") -> 10B-060-pt_Group-10:20 AM | D32: ='10U_M_Champ_35'!L111&"-"&'10U_M_Champ_35'!O111&"-"&TEXT('10U_M_Champ_35'!B111,"h:mm am/pm") -> 10B-061-pt_Group-10:20 AM | F32: ='12U_M_Classic_53'!L212&"-"&'12U_M_Classic_53'!N212&"-"&TEXT('12U_M_Classic_53'!B212,"h:mm am/pm") -> 12BX-74A-bz_P group of 4-10:20 AM | H32: ='12U_M_Classic_53'!L195&"-"&'12U_M_Classic_53'!N195&"-"&TEXT('12U_M_Classic_53'!B195,"h:mm am/pm") -> 12BX-077-bz_S Group of 4-10:20 AM | I32: 0.43055556 | J32: ='12U_M_Classic_53'!L163&"-"&'12U_M_Classic_53'!N163&"-"&TEXT('12U_M_Classic_53'!B163,"h:mm am/pm") -> 12BX-071-ag_Group-10:20 AM | K32: 0.43055556 | L32: ='12U_M_Champ'!L122&"-"&'12U_M_Champ'!N122&"-"&TEXT('12U_M_Champ'!B122,"h:mm am/pm") -> 12B-077-pt_Group-10:20 AM | M32: ='12U_M_Classic_53'!L178&"-"&'12U_M_Classic_53'!N178&"-"&TEXT('12U_M_Classic_53'!B178,"h:mm am/pm") -> 12BX-072-ag_Group-10:20 AM | N32: ='12U_M_Champ'!L160&"-"&'12U_M_Champ'!N160&"-"&TEXT('12U_M_Champ'!B160,"h:mm am/pm") -> 12B-079-au_Group-10:20 AM | O32: ='12U_M_Champ'!L179&"-"&'12U_M_Champ'!N179&"-"&TEXT('12U_M_Champ'!B179,"h:mm am/pm") -> 12B-080-au_Group-10:20 AM | P32: 0.43055556 | Q32: ='14U_M_Champ'!L122&"-"&'14U_M_Champ'!N122&"-"&TEXT('14U_M_Champ'!B122,"h:mm am/pm") -> 14B-077-pt_Group-10:20 AM | R32: ='14U_M_Champ'!L141&"-"&'14U_M_Champ'!N141&"-"&TEXT('14U_M_Champ'!B141,"h:mm am/pm") -> 14B-078-pt_Group-10:20 AM | S32: ='14U_M_Champ'!L160&"-"&'14U_M_Champ'!N160&"-"&TEXT('14U_M_Champ'!B160,"h:mm am/pm") -> 14B-079-au_Group-10:20 AM | T32: ='14U_M_Champ'!L179&"-"&'14U_M_Champ'!N179&"-"&TEXT('14U_M_Champ'!B179,"h:mm am/pm") -> 14B-080-au_Group-10:20 AM | U32: ='12U_M_Champ'!L141&"-"&'12U_M_Champ'!N141&"-"&TEXT('12U_M_Champ'!B141,"h:mm am/pm") -> 12B-078-pt_Group-10:20 AM | V32: ='14U_M_Invite_36'!L113&"-"&'14U_M_Invite_36'!O113&"-"&TEXT('14U_M_Invite_36'!B113,"h:mm am/pm") -> 14BQ-061-ni_Group-10:20 AM | W32: ='14U_M_Invite_36'!L138&"-"&'14U_M_Invite_36'!O138&"-"&TEXT('14U_M_Invite_36'!B138,"h:mm am/pm") -> 14BQ-065-cu_Group-10:20 AM | X32: 0.43055556 | AA32: ='14U_M_Classic'!L169&"-"&'14U_M_Classic'!C169&"-"&TEXT('14U_M_Classic'!B169,"h:mm am/pm") -> 14BX-079-Group-10:20 AM | AB32: ='14U_M_Classic'!L188&"-"&'14U_M_Classic'!C188&"-"&TEXT('14U_M_Classic'!B188,"h:mm am/pm") -> 14BX-080-Group-10:20 AM | AC32: ='14U_M_Classic'!L128&"-"&'14U_M_Classic'!C128&"-"&TEXT('14U_M_Classic'!B128,"h:mm am/pm") -> 14BX-077-Group-10:20 AM | AE32: ='16U_M_Classic'!L122&"-"&'16U_M_Classic'!O122&"-"&TEXT('16U_M_Classic'!B122,"h:mm am/pm") -> 16BX-077-ag_Group-10:20 AM | AF32: ='18U_M_INVITE_NEW_23'!L76&"-"&'18U_M_INVITE_NEW_23'!N76&"-"&TEXT('18U_M_INVITE_NEW_23'!B76,"h:mm am/pm") -> 18BQ-037-ni_Group-10:20 AM | AG32: ='16U_M_Invite'!L130&"-"&'16U_M_Invite'!O130&"-"&TEXT('16U_M_Invite'!B130,"h:mm am/pm") -> 16BQ-077-ni_Group-10:20 AM | AH32: ='18U_M_Classic'!L141&"-"&'18U_M_Classic'!O141&"-"&TEXT('18U_M_Classic'!B141,"h:mm am/pm") -> 18BX-078-ag_Group-10:20 AM | AI32: ='18U_M_Classic'!L160&"-"&'18U_M_Classic'!O160&"-"&TEXT('18U_M_Classic'!B160,"h:mm am/pm") -> 18BX-079-bz_Group-10:20 AM | AJ32: ='18U_M_Classic'!L122&"-"&'18U_M_Classic'!O122&"-"&TEXT('18U_M_Classic'!B122,"h:mm am/pm") -> 18BX-077-ag_Group-10:20 AM | AK32: ='16U_M_Invite'!L168&"-"&'16U_M_Invite'!O168&"-"&TEXT('16U_M_Invite'!B168,"h:mm am/pm") -> 16BQ-079-cu_Group-10:20 AM | AL32: ='16U_M_Invite'!L187&"-"&'16U_M_Invite'!O187&"-"&TEXT('16U_M_Invite'!B187,"h:mm am/pm") -> 16BQ-080-cu_Group-10:20 AM | AM32: ='14U_M_Classic'!L150&"-"&'14U_M_Classic'!C150&"-"&TEXT('14U_M_Classic'!B150,"h:mm am/pm") -> 14BX-078-Group-10:20 AM | AN32: ='16U_M_Classic'!L141&"-"&'16U_M_Classic'!O141&"-"&TEXT('16U_M_Classic'!B141,"h:mm am/pm") -> 16BX-078-ag_Group-10:20 AM | AO32: ='16U_M_Invite'!L149&"-"&'16U_M_Invite'!O149&"-"&TEXT('16U_M_Invite'!B149,"h:mm am/pm") -> 16BQ-078-ni_Group-10:20 AM | AP32: ='16U_M_Classic'!L179&"-"&'16U_M_Classic'!O179&"-"&TEXT('16U_M_Classic'!B179,"h:mm am/pm") -> 16BX-080-bz_Group-10:20 AM | AQ32: ='16U_M_Classic'!L160&"-"&'16U_M_Classic'!O160&"-"&TEXT('16U_M_Classic'!B160,"h:mm am/pm") -> 16BX-079-bz_Group-10:20 AM | AR32: ='14U_M_Invite_36'!L94&"-"&'14U_M_Invite_36'!O94&"-"&TEXT('14U_M_Invite_36'!B94,"h:mm am/pm") -> 14BQ-060-ni_Group-10:20 AM | AS32: ='18U_M_Classic'!L179&"-"&'18U_M_Classic'!O179&"-"&TEXT('18U_M_Classic'!B179,"h:mm am/pm") -> 18BX-080-bz_Group-10:20 AM | AT32: ='18U_M_INVITE_NEW_23'!L91&"-"&'18U_M_INVITE_NEW_23'!N91&"-"&TEXT('18U_M_INVITE_NEW_23'!B91,"h:mm am/pm") -> 18BQ-038-cu_Group-10:20 AM | AU32: 0.43055556 | AV32: ='16U_M_Champ'!L122&"-"&'16U_M_Champ'!O122&"-"&TEXT('16U_M_Champ'!B122,"h:mm am/pm") -> 16B-077-pt_Group-10:20 AM | AW32: ='16U_M_Champ'!L141&"-"&'16U_M_Champ'!O141&"-"&TEXT('16U_M_Champ'!B141,"h:mm am/pm") -> 16B-078-pt_Group-10:20 AM | AX32: ='16U_M_Champ'!L160&"-"&'16U_M_Champ'!O160&"-"&TEXT('16U_M_Champ'!B160,"h:mm am/pm") -> 16B-079-au_Group-10:20 AM | AY32: ='16U_M_Champ'!L179&"-"&'16U_M_Champ'!O179&"-"&TEXT('16U_M_Champ'!B179,"h:mm am/pm") -> 16B-080-au_Group-10:20 AM | BA32: 0.45833333 | BB32: ='18U_M_Champ'!L125&"-"&'18U_M_Champ'!N125&"-"&TEXT('18U_M_Champ'!B125,"h:mm am/pm") -> 18B-079-pt_Group-11:00 AM | BC32: ='18U_M_Champ'!L186&"-"&'18U_M_Champ'!N186&"-"&TEXT('18U_M_Champ'!B186,"h:mm am/pm") -> 18B-084-pt_Group-11:00 AM | BD32: ='18U_M_Champ'!L138&"-"&'18U_M_Champ'!N138&"-"&TEXT('18U_M_Champ'!B138,"h:mm am/pm") -> 18B-085-pt_Group-11:00 AM | BE32: ='18U_M_Champ'!L154&"-"&'18U_M_Champ'!N154&"-"&TEXT('18U_M_Champ'!B154,"h:mm am/pm") -> 18B-081-au_Group-11:00 AM | BF32: ='18U_M_Champ'!L170&"-"&'18U_M_Champ'!N170&"-"&TEXT('18U_M_Champ'!B170,"h:mm am/pm") -> 18B-077-au_Group-11:00 AM
A33: 0.46527778 | B33: ='10U_M_Champ_35'!L137&"-"&'10U_M_Champ_35'!O137&"-"&TEXT('10U_M_Champ_35'!B137,"h:mm am/pm") -> 10B-062-au_W/L-11:10 AM | C33: ='10U_M_Champ_35'!L93&"-"&'10U_M_Champ_35'!O93&"-"&TEXT('10U_M_Champ_35'!B93,"h:mm am/pm") -> 10B-063-pt_Group-11:10 AM | D33: ='10U_M_Champ_35'!L112&"-"&'10U_M_Champ_35'!O112&"-"&TEXT('10U_M_Champ_35'!B112,"h:mm am/pm") -> 10B-064-pt_Group-11:10 AM | F33: ='12U_M_Classic_53'!L213&"-"&'12U_M_Classic_53'!N213&"-"&TEXT('12U_M_Classic_53'!B213,"h:mm am/pm") -> 12BX-078-bz_T group of 4-11:10 AM | H33: ='12U_M_Classic_53'!L196&"-"&'12U_M_Classic_53'!N196&"-"&TEXT('12U_M_Classic_53'!B196,"h:mm am/pm") -> 12BX-081-bz_S Group of 4-11:10 AM | I33: 0.46527778 | J33: ='12U_M_Classic_53'!L164&"-"&'12U_M_Classic_53'!N164&"-"&TEXT('12U_M_Classic_53'!B164,"h:mm am/pm") -> 12BX-075-ag_Group-11:10 AM | K33: 0.46527778 | L33: ='12U_M_Champ'!L123&"-"&'12U_M_Champ'!N123&"-"&TEXT('12U_M_Champ'!B123,"h:mm am/pm") -> 12B-081-pt_Group-11:10 AM | M33: ='12U_M_Classic_53'!L179&"-"&'12U_M_Classic_53'!N179&"-"&TEXT('12U_M_Classic_53'!B179,"h:mm am/pm") -> 12BX-076-ag_Group-11:10 AM | N33: ='12U_M_Champ'!L161&"-"&'12U_M_Champ'!N161&"-"&TEXT('12U_M_Champ'!B161,"h:mm am/pm") -> 12B-083-au_Group-11:10 AM | O33: ='12U_M_Champ'!L180&"-"&'12U_M_Champ'!N180&"-"&TEXT('12U_M_Champ'!B180,"h:mm am/pm") -> 12B-084-au_Group-11:10 AM | P33: 0.46527778 | Q33: ='14U_M_Champ'!L123&"-"&'14U_M_Champ'!N123&"-"&TEXT('14U_M_Champ'!B123,"h:mm am/pm") -> 14B-081-pt_Group-11:10 AM | R33: ='14U_M_Champ'!L142&"-"&'14U_M_Champ'!N142&"-"&TEXT('14U_M_Champ'!B142,"h:mm am/pm") -> 14B-082-pt_Group-11:10 AM | S33: ='14U_M_Champ'!L161&"-"&'14U_M_Champ'!N161&"-"&TEXT('14U_M_Champ'!B161,"h:mm am/pm") -> 14B-083-au_Group-11:10 AM | T33: ='14U_M_Champ'!L180&"-"&'14U_M_Champ'!N180&"-"&TEXT('14U_M_Champ'!B180,"h:mm am/pm") -> 14B-084-au_Group-11:10 AM | U33: ='12U_M_Champ'!L142&"-"&'12U_M_Champ'!N142&"-"&TEXT('12U_M_Champ'!B142,"h:mm am/pm") -> 12B-082-pt_Group-11:10 AM | V33: ='14U_M_Invite_36'!L114&"-"&'14U_M_Invite_36'!O114&"-"&TEXT('14U_M_Invite_36'!B114,"h:mm am/pm") -> 14BQ-064-ni_Group-11:10 AM | W33: ='14U_M_Invite_36'!L139&"-"&'14U_M_Invite_36'!O139&"-"&TEXT('14U_M_Invite_36'!B139,"h:mm am/pm") -> 14BQ-068-cu_Group-11:10 AM | X33: 0.46527778 | AA33: ='14U_M_Classic'!L170&"-"&'14U_M_Classic'!C170&"-"&TEXT('14U_M_Classic'!B170,"h:mm am/pm") -> 14BX-083-Group-11:10 AM | AB33: ='14U_M_Classic'!L189&"-"&'14U_M_Classic'!C189&"-"&TEXT('14U_M_Classic'!B189,"h:mm am/pm") -> 14BX-084-Group-11:10 AM | AC33: ='14U_M_Classic'!L129&"-"&'14U_M_Classic'!C129&"-"&TEXT('14U_M_Classic'!B129,"h:mm am/pm") -> 14BX-081-Group-11:10 AM | AE33: ='16U_M_Classic'!L123&"-"&'16U_M_Classic'!O123&"-"&TEXT('16U_M_Classic'!B123,"h:mm am/pm") -> 16BX-081-ag_Group-11:10 AM | AF33: ='18U_M_INVITE_NEW_23'!L77&"-"&'18U_M_INVITE_NEW_23'!N77&"-"&TEXT('18U_M_INVITE_NEW_23'!B77,"h:mm am/pm") -> 18BQ-039-ni_Group-11:10 AM | AG33: ='16U_M_Invite'!L131&"-"&'16U_M_Invite'!O131&"-"&TEXT('16U_M_Invite'!B131,"h:mm am/pm") -> 16BQ-081-ni_Group-11:10 AM | AH33: ='18U_M_Classic'!L142&"-"&'18U_M_Classic'!O142&"-"&TEXT('18U_M_Classic'!B142,"h:mm am/pm") -> 18BX-082-ag_Group-11:10 AM | AI33: ='18U_M_Classic'!L161&"-"&'18U_M_Classic'!O161&"-"&TEXT('18U_M_Classic'!B161,"h:mm am/pm") -> 18BX-083-bz_Group-11:10 AM | AJ33: ='18U_M_Classic'!L123&"-"&'18U_M_Classic'!O123&"-"&TEXT('18U_M_Classic'!B123,"h:mm am/pm") -> 18BX-081-ag_Group-11:10 AM | AK33: ='16U_M_Invite'!L169&"-"&'16U_M_Invite'!O169&"-"&TEXT('16U_M_Invite'!B169,"h:mm am/pm") -> 16BQ-083-cu_Group-11:10 AM | AL33: ='16U_M_Invite'!L188&"-"&'16U_M_Invite'!O188&"-"&TEXT('16U_M_Invite'!B188,"h:mm am/pm") -> 16BQ-084-cu_Group-11:10 AM | AM33: ='14U_M_Classic'!L151&"-"&'14U_M_Classic'!C151&"-"&TEXT('14U_M_Classic'!B151,"h:mm am/pm") -> 14BX-082-Group-11:10 AM | AN33: ='16U_M_Classic'!L142&"-"&'16U_M_Classic'!O142&"-"&TEXT('16U_M_Classic'!B142,"h:mm am/pm") -> 16BX-082-ag_Group-11:10 AM | AO33: ='16U_M_Invite'!L150&"-"&'16U_M_Invite'!O150&"-"&TEXT('16U_M_Invite'!B150,"h:mm am/pm") -> 16BQ-082-ni_Group-11:10 AM | AP33: ='16U_M_Classic'!L180&"-"&'16U_M_Classic'!O180&"-"&TEXT('16U_M_Classic'!B180,"h:mm am/pm") -> 16BX-084-bz_Group-11:10 AM | AQ33: ='16U_M_Classic'!L161&"-"&'16U_M_Classic'!O161&"-"&TEXT('16U_M_Classic'!B161,"h:mm am/pm") -> 16BX-083-bz_Group-11:10 AM | AR33: ='14U_M_Invite_36'!L95&"-"&'14U_M_Invite_36'!O95&"-"&TEXT('14U_M_Invite_36'!B95,"h:mm am/pm") -> 14BQ-063-ni_Group-11:10 AM | AS33: ='18U_M_Classic'!L180&"-"&'18U_M_Classic'!O180&"-"&TEXT('18U_M_Classic'!B180,"h:mm am/pm") -> 18BX-084-bz_Group-11:10 AM | AT33: ='18U_M_INVITE_NEW_23'!L92&"-"&'18U_M_INVITE_NEW_23'!N92&"-"&TEXT('18U_M_INVITE_NEW_23'!B92,"h:mm am/pm") -> 18BQ-040-cu_Group-11:10 AM | AU33: 0.46527778 | AV33: ='16U_M_Champ'!L123&"-"&'16U_M_Champ'!O123&"-"&TEXT('16U_M_Champ'!B123,"h:mm am/pm") -> 16B-081-pt_Group-11:10 AM | AW33: ='16U_M_Champ'!L142&"-"&'16U_M_Champ'!O142&"-"&TEXT('16U_M_Champ'!B142,"h:mm am/pm") -> 16B-082-pt_Group-11:10 AM | AX33: ='16U_M_Champ'!L161&"-"&'16U_M_Champ'!O161&"-"&TEXT('16U_M_Champ'!B161,"h:mm am/pm") -> 16B-083-au_Group-11:10 AM | AY33: ='16U_M_Champ'!L180&"-"&'16U_M_Champ'!O180&"-"&TEXT('16U_M_Champ'!B180,"h:mm am/pm") -> 16B-084-au_Group-11:10 AM | BA33: 0.5 | BB33: ='18U_M_Champ'!L126&"-"&'18U_M_Champ'!N126&"-"&TEXT('18U_M_Champ'!B126,"h:mm am/pm") -> 18B-088-pt_Group-12:00 PM | BC33: ='18U_M_Champ'!L187&"-"&'18U_M_Champ'!N187&"-"&TEXT('18U_M_Champ'!B187,"h:mm am/pm") -> 18B-093-pt_Group-12:00 PM | BD33: ='18U_M_Champ'!L139&"-"&'18U_M_Champ'!N139&"-"&TEXT('18U_M_Champ'!B139,"h:mm am/pm") -> 18B-090-pt_Group-12:00 PM | BE33: ='18U_M_Champ'!L155&"-"&'18U_M_Champ'!N155&"-"&TEXT('18U_M_Champ'!B155,"h:mm am/pm") -> 18B-086-au_Group-12:00 PM | BF33: ='18U_M_Champ'!L171&"-"&'18U_M_Champ'!N171&"-"&TEXT('18U_M_Champ'!B171,"h:mm am/pm") -> 18B-082-au_Group-12:00 PM
A34: 0.5 | B34: ='10U_M_Champ_35'!L138&"-"&'10U_M_Champ_35'!O138&"-"&TEXT('10U_M_Champ_35'!B138,"h:mm am/pm") -> 10B-065-au_W/L-12:00 PM | C34: ='10U_M_Champ_35'!L94&"-"&'10U_M_Champ_35'!O94&"-"&TEXT('10U_M_Champ_35'!B94,"h:mm am/pm") -> 10B-066-pt_Group-12:00 PM | D34: ='10U_M_Champ_35'!L113&"-"&'10U_M_Champ_35'!O113&"-"&TEXT('10U_M_Champ_35'!B113,"h:mm am/pm") -> 10B-067-pt_Group-12:00 PM | F34: ='12U_M_Classic_53'!L214&"-"&'12U_M_Classic_53'!N214&"-"&TEXT('12U_M_Classic_53'!B214,"h:mm am/pm") -> 12BX-082-bz_T group of 4-12:00 PM | H34: ='12U_M_Classic_53'!L197&"-"&'12U_M_Classic_53'!N197&"-"&TEXT('12U_M_Classic_53'!B197,"h:mm am/pm") -> 12BX-085-bz_Group-12:00 PM | I34: 0.5 | J34: ='12U_M_Classic_53'!L165&"-"&'12U_M_Classic_53'!N165&"-"&TEXT('12U_M_Classic_53'!B165,"h:mm am/pm") -> 12BX-079-ag_Group-12:00 PM | K34: 0.5 | L34: ='12U_M_Champ'!L124&"-"&'12U_M_Champ'!N124&"-"&TEXT('12U_M_Champ'!B124,"h:mm am/pm") -> 12B-085-pt_Group-12:00 PM | M34: ='12U_M_Classic_53'!L180&"-"&'12U_M_Classic_53'!N180&"-"&TEXT('12U_M_Classic_53'!B180,"h:mm am/pm") -> 12BX-080-ag_Group-12:00 PM | N34: ='12U_M_Champ'!L162&"-"&'12U_M_Champ'!N162&"-"&TEXT('12U_M_Champ'!B162,"h:mm am/pm") -> 12B-087-au_Group-12:00 PM | O34: ='12U_M_Champ'!L181&"-"&'12U_M_Champ'!N181&"-"&TEXT('12U_M_Champ'!B181,"h:mm am/pm") -> 12B-088-au_Group-12:00 PM | P34: 0.5 | Q34: ='14U_M_Champ'!L124&"-"&'14U_M_Champ'!N124&"-"&TEXT('14U_M_Champ'!B124,"h:mm am/pm") -> 14B-085-pt_Group-12:00 PM | R34: ='14U_M_Champ'!L143&"-"&'14U_M_Champ'!N143&"-"&TEXT('14U_M_Champ'!B143,"h:mm am/pm") -> 14B-086-pt_Group-12:00 PM | S34: ='14U_M_Champ'!L162&"-"&'14U_M_Champ'!N162&"-"&TEXT('14U_M_Champ'!B162,"h:mm am/pm") -> 14B-087-au_Group-12:00 PM | T34: ='14U_M_Champ'!L181&"-"&'14U_M_Champ'!N181&"-"&TEXT('14U_M_Champ'!B181,"h:mm am/pm") -> 14B-088-au_Group-12:00 PM | U34: ='12U_M_Champ'!L143&"-"&'12U_M_Champ'!N143&"-"&TEXT('12U_M_Champ'!B143,"h:mm am/pm") -> 12B-086-pt_Group-12:00 PM | V34: ='14U_M_Invite_36'!L115&"-"&'14U_M_Invite_36'!O115&"-"&TEXT('14U_M_Invite_36'!B115,"h:mm am/pm") -> 14BQ-067-ni_Group-12:00 PM | W34: ='14U_M_Invite_36'!L140&"-"&'14U_M_Invite_36'!O140&"-"&TEXT('14U_M_Invite_36'!B140,"h:mm am/pm") -> 14BQ-071-cu_Group-12:00 PM | X34: 0.5 | AA34: ='14U_M_Classic'!L171&"-"&'14U_M_Classic'!C171&"-"&TEXT('14U_M_Classic'!B171,"h:mm am/pm") -> 14BX-087-Group-12:00 PM | AB34: ='14U_M_Classic'!L190&"-"&'14U_M_Classic'!C190&"-"&TEXT('14U_M_Classic'!B190,"h:mm am/pm") -> 14BX-088-Group-12:00 PM | AC34: ='14U_M_Classic'!L130&"-"&'14U_M_Classic'!C130&"-"&TEXT('14U_M_Classic'!B130,"h:mm am/pm") -> 14BX-085-Group-12:00 PM | AE34: ='16U_M_Classic'!L124&"-"&'16U_M_Classic'!O124&"-"&TEXT('16U_M_Classic'!B124,"h:mm am/pm") -> 16BX-085-ag_Group-12:00 PM | AF34: ='18U_M_INVITE_NEW_23'!L78&"-"&'18U_M_INVITE_NEW_23'!N78&"-"&TEXT('18U_M_INVITE_NEW_23'!B78,"h:mm am/pm") -> 18BQ-041-ni_Group-12:00 PM | AG34: ='16U_M_Invite'!L132&"-"&'16U_M_Invite'!O132&"-"&TEXT('16U_M_Invite'!B132,"h:mm am/pm") -> 16BQ-085-ni_Group-12:00 PM | AH34: ='18U_M_Classic'!L143&"-"&'18U_M_Classic'!O143&"-"&TEXT('18U_M_Classic'!B143,"h:mm am/pm") -> 18BX-086-ag_Group-12:00 PM | AI34: ='18U_M_Classic'!L162&"-"&'18U_M_Classic'!O162&"-"&TEXT('18U_M_Classic'!B162,"h:mm am/pm") -> 18BX-087-bz_Group-12:00 PM | AJ34: ='18U_M_Classic'!L124&"-"&'18U_M_Classic'!O124&"-"&TEXT('18U_M_Classic'!B124,"h:mm am/pm") -> 18BX-085-ag_Group-12:00 PM | AK34: ='16U_M_Invite'!L170&"-"&'16U_M_Invite'!O170&"-"&TEXT('16U_M_Invite'!B170,"h:mm am/pm") -> 16BQ-087-cu_Group-12:00 PM | AL34: ='16U_M_Invite'!L189&"-"&'16U_M_Invite'!O189&"-"&TEXT('16U_M_Invite'!B189,"h:mm am/pm") -> 16BQ-088-cu_Group-12:00 PM | AM34: ='14U_M_Classic'!L152&"-"&'14U_M_Classic'!C152&"-"&TEXT('14U_M_Classic'!B152,"h:mm am/pm") -> 14BX-086-Group-12:00 PM | AN34: ='16U_M_Classic'!L143&"-"&'16U_M_Classic'!O143&"-"&TEXT('16U_M_Classic'!B143,"h:mm am/pm") -> 16BX-086-ag_Group-12:00 PM | AO34: ='16U_M_Invite'!L151&"-"&'16U_M_Invite'!O151&"-"&TEXT('16U_M_Invite'!B151,"h:mm am/pm") -> 16BQ-086-ni_Group-12:00 PM | AP34: ='16U_M_Classic'!L181&"-"&'16U_M_Classic'!O181&"-"&TEXT('16U_M_Classic'!B181,"h:mm am/pm") -> 16BX-088-bz_Group-12:00 PM | AQ34: ='16U_M_Classic'!L162&"-"&'16U_M_Classic'!O162&"-"&TEXT('16U_M_Classic'!B162,"h:mm am/pm") -> 16BX-087-bz_Group-12:00 PM | AR34: ='14U_M_Invite_36'!L96&"-"&'14U_M_Invite_36'!O96&"-"&TEXT('14U_M_Invite_36'!B96,"h:mm am/pm") -> 14BQ-066-ni_Group-12:00 PM | AS34: ='18U_M_Classic'!L181&"-"&'18U_M_Classic'!O181&"-"&TEXT('18U_M_Classic'!B181,"h:mm am/pm") -> 18BX-088-bz_Group-12:00 PM | AT34: ='18U_M_INVITE_NEW_23'!L93&"-"&'18U_M_INVITE_NEW_23'!N93&"-"&TEXT('18U_M_INVITE_NEW_23'!B93,"h:mm am/pm") -> 18BQ-042-cu_Group-12:00 PM | AU34: 0.5 | AV34: ='16U_M_Champ'!L124&"-"&'16U_M_Champ'!O124&"-"&TEXT('16U_M_Champ'!B124,"h:mm am/pm") -> 16B-085-pt_Group-12:00 PM | AW34: ='16U_M_Champ'!L143&"-"&'16U_M_Champ'!O143&"-"&TEXT('16U_M_Champ'!B143,"h:mm am/pm") -> 16B-086-pt_Group-12:00 PM | AX34: ='16U_M_Champ'!L162&"-"&'16U_M_Champ'!O162&"-"&TEXT('16U_M_Champ'!B162,"h:mm am/pm") -> 16B-087-au_Group-12:00 PM | AY34: ='16U_M_Champ'!L181&"-"&'16U_M_Champ'!O181&"-"&TEXT('16U_M_Champ'!B181,"h:mm am/pm") -> 16B-088-au_Group-12:00 PM | BA34: 0.54166667 | BB34: ='18U_M_Champ'!L127&"-"&'18U_M_Champ'!N127&"-"&TEXT('18U_M_Champ'!B127,"h:mm am/pm") -> 18B-089-pt_Group-1:00 PM | BC34: ='18U_M_Champ'!L188&"-"&'18U_M_Champ'!N188&"-"&TEXT('18U_M_Champ'!B188,"h:mm am/pm") -> 18B-083-au_Group-1:00 PM | BD34: ='18U_M_Champ'!L140&"-"&'18U_M_Champ'!N140&"-"&TEXT('18U_M_Champ'!B140,"h:mm am/pm") -> 18B-095-pt_Group-1:00 PM | BE34: ='18U_M_Champ'!L156&"-"&'18U_M_Champ'!N156&"-"&TEXT('18U_M_Champ'!B156,"h:mm am/pm") -> 18B-091-au_Group-1:00 PM | BF34: ='18U_M_Champ'!L172&"-"&'18U_M_Champ'!N172&"-"&TEXT('18U_M_Champ'!B172,"h:mm am/pm") -> 18B-087-au_Group-1:00 PM
A35: 0.53472222 | B35: ='10U_M_Champ_35'!L139&"-"&'10U_M_Champ_35'!O139&"-"&TEXT('10U_M_Champ_35'!B139,"h:mm am/pm") -> 10B-068-au_Group-12:50 PM | C35: ='10U_M_Champ_35'!L95&"-"&'10U_M_Champ_35'!O95&"-"&TEXT('10U_M_Champ_35'!B95,"h:mm am/pm") -> 10B-069-pt_Group-12:50 PM | D35: ='10U_M_Champ_35'!L114&"-"&'10U_M_Champ_35'!O114&"-"&TEXT('10U_M_Champ_35'!B114,"h:mm am/pm") -> 10B-070-pt_Group-12:50 PM | F35: ='12U_M_Classic_53'!L215&"-"&'12U_M_Classic_53'!N215&"-"&TEXT('12U_M_Classic_53'!B215,"h:mm am/pm") -> 12BX-086-bz_Group-12:50 PM | H35: ='12U_M_Classic_53'!L198&"-"&'12U_M_Classic_53'!N198&"-"&TEXT('12U_M_Classic_53'!B198,"h:mm am/pm") -> 12BX-089-bz_Group-12:50 PM | I35: 0.53472222 | J35: ='12U_M_Classic_53'!L166&"-"&'12U_M_Classic_53'!N166&"-"&TEXT('12U_M_Classic_53'!B166,"h:mm am/pm") -> 12BX-083-ag_Group-12:50 PM | K35: 0.53472222 | L35: ='12U_M_Champ'!L125&"-"&'12U_M_Champ'!N125&"-"&TEXT('12U_M_Champ'!B125,"h:mm am/pm") -> 12B-089-pt_Group-12:50 PM | M35: ='12U_M_Classic_53'!L181&"-"&'12U_M_Classic_53'!N181&"-"&TEXT('12U_M_Classic_53'!B181,"h:mm am/pm") -> 12BX-084-ag_Group-12:50 PM | N35: ='12U_M_Champ'!L163&"-"&'12U_M_Champ'!N163&"-"&TEXT('12U_M_Champ'!B163,"h:mm am/pm") -> 12B-091-au_Group-12:50 PM | O35: ='12U_M_Champ'!L182&"-"&'12U_M_Champ'!N182&"-"&TEXT('12U_M_Champ'!B182,"h:mm am/pm") -> 12B-092-au_Group-12:50 PM | P35: 0.53472222 | Q35: ='14U_M_Champ'!L125&"-"&'14U_M_Champ'!N125&"-"&TEXT('14U_M_Champ'!B125,"h:mm am/pm") -> 14B-089-pt_Group-12:50 PM | R35: ='14U_M_Champ'!L144&"-"&'14U_M_Champ'!N144&"-"&TEXT('14U_M_Champ'!B144,"h:mm am/pm") -> 14B-090-pt_Group-12:50 PM | S35: ='14U_M_Champ'!L163&"-"&'14U_M_Champ'!N163&"-"&TEXT('14U_M_Champ'!B163,"h:mm am/pm") -> 14B-091-au_Group-12:50 PM | T35: ='14U_M_Champ'!L182&"-"&'14U_M_Champ'!N182&"-"&TEXT('14U_M_Champ'!B182,"h:mm am/pm") -> 14B-092-au_Group-12:50 PM | U35: ='12U_M_Champ'!L144&"-"&'12U_M_Champ'!N144&"-"&TEXT('12U_M_Champ'!B144,"h:mm am/pm") -> 12B-090-pt_Group-12:50 PM | V35: ='14U_M_Invite_36'!L116&"-"&'14U_M_Invite_36'!O116&"-"&TEXT('14U_M_Invite_36'!B116,"h:mm am/pm") -> 14BQ-070-ni_Group-12:50 PM | W35: ='14U_M_Invite_36'!L141&"-"&'14U_M_Invite_36'!O141&"-"&TEXT('14U_M_Invite_36'!B141,"h:mm am/pm") -> 14BQ-074-cu_Group-12:50 PM | X35: 0.53472222 | AA35: ='14U_M_Classic'!L172&"-"&'14U_M_Classic'!C172&"-"&TEXT('14U_M_Classic'!B172,"h:mm am/pm") -> 14BX-091-Group-12:50 PM | AB35: ='14U_M_Classic'!L191&"-"&'14U_M_Classic'!C191&"-"&TEXT('14U_M_Classic'!B191,"h:mm am/pm") -> 14BX-092-Group-12:50 PM | AC35: ='14U_M_Classic'!L131&"-"&'14U_M_Classic'!C131&"-"&TEXT('14U_M_Classic'!B131,"h:mm am/pm") -> 14BX-089-Group-12:50 PM | AE35: ='16U_M_Classic'!L125&"-"&'16U_M_Classic'!O125&"-"&TEXT('16U_M_Classic'!B125,"h:mm am/pm") -> 16BX-089-ag_Group-12:50 PM | AF35: ='18U_M_INVITE_NEW_23'!L79&"-"&'18U_M_INVITE_NEW_23'!N79&"-"&TEXT('18U_M_INVITE_NEW_23'!B79,"h:mm am/pm") -> 18BQ-043-ni_Group-12:50 PM | AG35: ='16U_M_Invite'!L133&"-"&'16U_M_Invite'!O133&"-"&TEXT('16U_M_Invite'!B133,"h:mm am/pm") -> 16BQ-089-ni_Group-12:50 PM | AH35: ='18U_M_Classic'!L144&"-"&'18U_M_Classic'!O144&"-"&TEXT('18U_M_Classic'!B144,"h:mm am/pm") -> 18BX-090-ag_Group-12:50 PM | AI35: ='18U_M_Classic'!L163&"-"&'18U_M_Classic'!O163&"-"&TEXT('18U_M_Classic'!B163,"h:mm am/pm") -> 18BX-091-bz_Group-12:50 PM | AJ35: ='18U_M_Classic'!L125&"-"&'18U_M_Classic'!O125&"-"&TEXT('18U_M_Classic'!B125,"h:mm am/pm") -> 18BX-089-ag_Group-12:50 PM | AK35: ='16U_M_Invite'!L171&"-"&'16U_M_Invite'!O171&"-"&TEXT('16U_M_Invite'!B171,"h:mm am/pm") -> 16BQ-091-cu_Group-12:50 PM | AL35: ='16U_M_Invite'!L190&"-"&'16U_M_Invite'!O190&"-"&TEXT('16U_M_Invite'!B190,"h:mm am/pm") -> 16BQ-092-cu_Group-12:50 PM | AM35: ='14U_M_Classic'!L153&"-"&'14U_M_Classic'!C153&"-"&TEXT('14U_M_Classic'!B153,"h:mm am/pm") -> 14BX-090-Group-12:50 PM | AN35: ='16U_M_Classic'!L144&"-"&'16U_M_Classic'!O144&"-"&TEXT('16U_M_Classic'!B144,"h:mm am/pm") -> 16BX-090-ag_Group-12:50 PM | AO35: ='16U_M_Invite'!L152&"-"&'16U_M_Invite'!O152&"-"&TEXT('16U_M_Invite'!B152,"h:mm am/pm") -> 16BQ-090-ni_Group-12:50 PM | AP35: ='16U_M_Classic'!L182&"-"&'16U_M_Classic'!O182&"-"&TEXT('16U_M_Classic'!B182,"h:mm am/pm") -> 16BX-092-bz_Group-12:50 PM | AQ35: ='16U_M_Classic'!L163&"-"&'16U_M_Classic'!O163&"-"&TEXT('16U_M_Classic'!B163,"h:mm am/pm") -> 16BX-091-bz_Group-12:50 PM | AR35: ='14U_M_Invite_36'!L97&"-"&'14U_M_Invite_36'!O97&"-"&TEXT('14U_M_Invite_36'!B97,"h:mm am/pm") -> 14BQ-069-ni_Group-12:50 PM | AS35: ='18U_M_Classic'!L182&"-"&'18U_M_Classic'!O182&"-"&TEXT('18U_M_Classic'!B182,"h:mm am/pm") -> 18BX-092-bz_Group-12:50 PM | AT35: ='18U_M_INVITE_NEW_23'!L94&"-"&'18U_M_INVITE_NEW_23'!N94&"-"&TEXT('18U_M_INVITE_NEW_23'!B94,"h:mm am/pm") -> 18BQ-044-cu_Group-12:50 PM | AU35: 0.53472222 | AV35: ='16U_M_Champ'!L125&"-"&'16U_M_Champ'!O125&"-"&TEXT('16U_M_Champ'!B125,"h:mm am/pm") -> 16B-089-pt_Group-12:50 PM | AW35: ='16U_M_Champ'!L144&"-"&'16U_M_Champ'!O144&"-"&TEXT('16U_M_Champ'!B144,"h:mm am/pm") -> 16B-090-pt_Group-12:50 PM | AX35: ='16U_M_Champ'!L163&"-"&'16U_M_Champ'!O163&"-"&TEXT('16U_M_Champ'!B163,"h:mm am/pm") -> 16B-091-au_Group-12:50 PM | AY35: ='16U_M_Champ'!L182&"-"&'16U_M_Champ'!O182&"-"&TEXT('16U_M_Champ'!B182,"h:mm am/pm") -> 16B-092-au_Group-12:50 PM | BA35: 0.58333333 | BB35: ='18U_M_Champ'!L128&"-"&'18U_M_Champ'!N128&"-"&TEXT('18U_M_Champ'!B128,"h:mm am/pm") -> 18B-094-pt_Group-2:00 PM | BC35: ='18U_M_Champ'!L189&"-"&'18U_M_Champ'!N189&"-"&TEXT('18U_M_Champ'!B189,"h:mm am/pm") -> 18B-099-pt_Group-2:00 PM | BD35: ='18U_M_Champ'!L141&"-"&'18U_M_Champ'!N141&"-"&TEXT('18U_M_Champ'!B141,"h:mm am/pm") -> 18B-100-pt_Group-2:00 PM | BE35: ='18U_M_Champ'!L157&"-"&'18U_M_Champ'!N157&"-"&TEXT('18U_M_Champ'!B157,"h:mm am/pm") -> 18B-096-au_Group-2:00 PM | BF35: ='18U_M_Champ'!L173&"-"&'18U_M_Champ'!N173&"-"&TEXT('18U_M_Champ'!B173,"h:mm am/pm") -> 18B-092-au_Group-2:00 PM
A36: 0.56944444 | B36: ='10U_M_Champ_35'!L140&"-"&'10U_M_Champ_35'!O140&"-"&TEXT('10U_M_Champ_35'!B140,"h:mm am/pm") -> 10B-071-au_W/L-1:40 PM | C36: ='10U_M_Champ_35'!L96&"-"&'10U_M_Champ_35'!O96&"-"&TEXT('10U_M_Champ_35'!B96,"h:mm am/pm") -> 10B-072-pt_Group-1:40 PM | D36: ='10U_M_Champ_35'!L115&"-"&'10U_M_Champ_35'!O115&"-"&TEXT('10U_M_Champ_35'!B115,"h:mm am/pm") -> 10B-073-pt_Group-1:40 PM | F36: ='12U_M_Classic_53'!L216&"-"&'12U_M_Classic_53'!N216&"-"&TEXT('12U_M_Classic_53'!B216,"h:mm am/pm") -> 12BX-090-bz_1st/2ndU-1:40 PM | H36: ='12U_M_Classic_53'!L199&"-"&'12U_M_Classic_53'!N199&"-"&TEXT('12U_M_Classic_53'!B199,"h:mm am/pm") -> 12BX-093-bz_1st/2ndR-1:40 PM | I36: 0.56944444 | J36: ='12U_M_Classic_53'!L167&"-"&'12U_M_Classic_53'!N167&"-"&TEXT('12U_M_Classic_53'!B167,"h:mm am/pm") -> 12BX-087-ag_Group-1:40 PM | K36: 0.56944444 | L36: ='12U_M_Champ'!L126&"-"&'12U_M_Champ'!N126&"-"&TEXT('12U_M_Champ'!B126,"h:mm am/pm") -> 12B-093-pt_Group-1:40 PM | M36: ='12U_M_Classic_53'!L182&"-"&'12U_M_Classic_53'!N182&"-"&TEXT('12U_M_Classic_53'!B182,"h:mm am/pm") -> 12BX-088-ag_Group-1:40 PM | N36: ='12U_M_Champ'!L164&"-"&'12U_M_Champ'!N164&"-"&TEXT('12U_M_Champ'!B164,"h:mm am/pm") -> 12B-095-au_Group-1:40 PM | O36: ='12U_M_Champ'!L183&"-"&'12U_M_Champ'!N183&"-"&TEXT('12U_M_Champ'!B183,"h:mm am/pm") -> 12B-096-au_Group-1:40 PM | P36: 0.56944444 | Q36: ='14U_M_Champ'!L126&"-"&'14U_M_Champ'!N126&"-"&TEXT('14U_M_Champ'!B126,"h:mm am/pm") -> 14B-093-pt_Group-1:40 PM | R36: ='14U_M_Champ'!L145&"-"&'14U_M_Champ'!N145&"-"&TEXT('14U_M_Champ'!B145,"h:mm am/pm") -> 14B-094-pt_Group-1:40 PM | S36: ='14U_M_Champ'!L164&"-"&'14U_M_Champ'!N164&"-"&TEXT('14U_M_Champ'!B164,"h:mm am/pm") -> 14B-095-au_Group-1:40 PM | T36: ='14U_M_Champ'!L183&"-"&'14U_M_Champ'!N183&"-"&TEXT('14U_M_Champ'!B183,"h:mm am/pm") -> 14B-096-au_Group-1:40 PM | U36: ='12U_M_Champ'!L145&"-"&'12U_M_Champ'!N145&"-"&TEXT('12U_M_Champ'!B145,"h:mm am/pm") -> 12B-094-pt_Group-1:40 PM | V36: ='14U_M_Invite_36'!L117&"-"&'14U_M_Invite_36'!O117&"-"&TEXT('14U_M_Invite_36'!B117,"h:mm am/pm") -> 14BQ-073-ni_Group-1:40 PM | W36: ='14U_M_Invite_36'!L142&"-"&'14U_M_Invite_36'!O142&"-"&TEXT('14U_M_Invite_36'!B142,"h:mm am/pm") -> 14BQ-077-cu_Group-1:40 PM | X36: 0.56944444 | AA36: ='14U_M_Classic'!L173&"-"&'14U_M_Classic'!C173&"-"&TEXT('14U_M_Classic'!B173,"h:mm am/pm") -> 14BX-095-Group-1:40 PM | AB36: ='14U_M_Classic'!L192&"-"&'14U_M_Classic'!C192&"-"&TEXT('14U_M_Classic'!B192,"h:mm am/pm") -> 14BX-096-Group-1:40 PM | AC36: ='14U_M_Classic'!L132&"-"&'14U_M_Classic'!C132&"-"&TEXT('14U_M_Classic'!B132,"h:mm am/pm") -> 14BX-093-Group-1:40 PM | AE36: ='16U_M_Classic'!L126&"-"&'16U_M_Classic'!O126&"-"&TEXT('16U_M_Classic'!B126,"h:mm am/pm") -> 16BX-093-ag_Group-1:40 PM | AF36: ='18U_M_INVITE_NEW_23'!L80&"-"&'18U_M_INVITE_NEW_23'!N80&"-"&TEXT('18U_M_INVITE_NEW_23'!B80,"h:mm am/pm") -> 18BQ-045-ni_Group-1:40 PM | AG36: ='16U_M_Invite'!L134&"-"&'16U_M_Invite'!O134&"-"&TEXT('16U_M_Invite'!B134,"h:mm am/pm") -> 16BQ-093-ni_Group-1:40 PM | AH36: ='18U_M_Classic'!L145&"-"&'18U_M_Classic'!O145&"-"&TEXT('18U_M_Classic'!B145,"h:mm am/pm") -> 18BX-094-ag_Group-1:40 PM | AI36: ='18U_M_Classic'!L164&"-"&'18U_M_Classic'!O164&"-"&TEXT('18U_M_Classic'!B164,"h:mm am/pm") -> 18BX-095-bz_Group-1:40 PM | AJ36: ='18U_M_Classic'!L126&"-"&'18U_M_Classic'!O126&"-"&TEXT('18U_M_Classic'!B126,"h:mm am/pm") -> 18BX-093-ag_Group-1:40 PM | AK36: ='16U_M_Invite'!L172&"-"&'16U_M_Invite'!O172&"-"&TEXT('16U_M_Invite'!B172,"h:mm am/pm") -> 16BQ-095-cu_Group-1:40 PM | AL36: ='16U_M_Invite'!L191&"-"&'16U_M_Invite'!O191&"-"&TEXT('16U_M_Invite'!B191,"h:mm am/pm") -> 16BQ-096-cu_Group-1:40 PM | AM36: ='14U_M_Classic'!L154&"-"&'14U_M_Classic'!C154&"-"&TEXT('14U_M_Classic'!B154,"h:mm am/pm") -> 14BX-094-Group-1:40 PM | AN36: ='16U_M_Classic'!L145&"-"&'16U_M_Classic'!O145&"-"&TEXT('16U_M_Classic'!B145,"h:mm am/pm") -> 16BX-094-ag_Group-1:40 PM | AO36: ='16U_M_Invite'!L153&"-"&'16U_M_Invite'!O153&"-"&TEXT('16U_M_Invite'!B153,"h:mm am/pm") -> 16BQ-094-ni_Group-1:40 PM | AP36: ='16U_M_Classic'!L183&"-"&'16U_M_Classic'!O183&"-"&TEXT('16U_M_Classic'!B183,"h:mm am/pm") -> 16BX-096-bz_Group-1:40 PM | AQ36: ='16U_M_Classic'!L164&"-"&'16U_M_Classic'!O164&"-"&TEXT('16U_M_Classic'!B164,"h:mm am/pm") -> 16BX-095-bz_Group-1:40 PM | AR36: ='14U_M_Invite_36'!L98&"-"&'14U_M_Invite_36'!O98&"-"&TEXT('14U_M_Invite_36'!B98,"h:mm am/pm") -> 14BQ-072-ni_Group-1:40 PM | AS36: ='18U_M_Classic'!L183&"-"&'18U_M_Classic'!O183&"-"&TEXT('18U_M_Classic'!B183,"h:mm am/pm") -> 18BX-096-bz_Group-1:40 PM | AT36: ='18U_M_INVITE_NEW_23'!L95&"-"&'18U_M_INVITE_NEW_23'!N95&"-"&TEXT('18U_M_INVITE_NEW_23'!B95,"h:mm am/pm") -> 18BQ-046-cu_Group-1:40 PM | AU36: 0.56944444 | AV36: ='16U_M_Champ'!L126&"-"&'16U_M_Champ'!O126&"-"&TEXT('16U_M_Champ'!B126,"h:mm am/pm") -> 16B-093-pt_Group-1:40 PM | AW36: ='16U_M_Champ'!L145&"-"&'16U_M_Champ'!O145&"-"&TEXT('16U_M_Champ'!B145,"h:mm am/pm") -> 16B-094-pt_Group-1:40 PM | AX36: ='16U_M_Champ'!L164&"-"&'16U_M_Champ'!O164&"-"&TEXT('16U_M_Champ'!B164,"h:mm am/pm") -> 16B-095-au_Group-1:40 PM | AY36: ='16U_M_Champ'!L183&"-"&'16U_M_Champ'!O183&"-"&TEXT('16U_M_Champ'!B183,"h:mm am/pm") -> 16B-096-au_Group-1:40 PM | BA36: 0.625 | BB36: ='18U_M_Champ'!L129&"-"&'18U_M_Champ'!N129&"-"&TEXT('18U_M_Champ'!B129,"h:mm am/pm") -> 18B-103-pt_Group-3:00 PM | BC36: ='18U_M_Champ'!L190&"-"&'18U_M_Champ'!N190&"-"&TEXT('18U_M_Champ'!B190,"h:mm am/pm") -> 18B-098-au_Group-3:00 PM | BD36: ='18U_M_Champ'!L142&"-"&'18U_M_Champ'!N142&"-"&TEXT('18U_M_Champ'!B142,"h:mm am/pm") -> 18B-105-pt_Group-3:00 PM | BE36: ='18U_M_Champ'!L158&"-"&'18U_M_Champ'!N158&"-"&TEXT('18U_M_Champ'!B158,"h:mm am/pm") -> 18B-101-au_Group-3:00 PM | BF36: ='18U_M_Champ'!L174&"-"&'18U_M_Champ'!N174&"-"&TEXT('18U_M_Champ'!B174,"h:mm am/pm") -> 18B-097-au_Group-3:00 PM
A37: 0.60416667 | B37: ='10U_M_Champ_35'!L141&"-"&'10U_M_Champ_35'!O141&"-"&TEXT('10U_M_Champ_35'!B141,"h:mm am/pm") -> 10B-074-au_W/L-2:30 PM | C37: ='10U_M_Champ_35'!L97&"-"&'10U_M_Champ_35'!O97&"-"&TEXT('10U_M_Champ_35'!B97,"h:mm am/pm") -> 10B-075-pt_Group-2:30 PM | D37: ='10U_M_Champ_35'!L116&"-"&'10U_M_Champ_35'!O116&"-"&TEXT('10U_M_Champ_35'!B116,"h:mm am/pm") -> 10B-076-pt_Group-2:30 PM | F37: ='12U_M_Classic_53'!L217&"-"&'12U_M_Classic_53'!N217&"-"&TEXT('12U_M_Classic_53'!B217,"h:mm am/pm") -> 12BX-90A-bz_3rd/4thU-2:30 PM | H37: ='12U_M_Classic_53'!L200&"-"&'12U_M_Classic_53'!N200&"-"&TEXT('12U_M_Classic_53'!B200,"h:mm am/pm") -> 12BX-097-bz_1st/2ndS-2:30 PM | I37: 0.60416667 | J37: ='12U_M_Classic_53'!L168&"-"&'12U_M_Classic_53'!N168&"-"&TEXT('12U_M_Classic_53'!B168,"h:mm am/pm") -> 12BX-091-ag_Group-2:30 PM | K37: 0.60416667 | L37: ='12U_M_Champ'!L127&"-"&'12U_M_Champ'!N127&"-"&TEXT('12U_M_Champ'!B127,"h:mm am/pm") -> 12B-097-pt_Group-2:30 PM | M37: ='12U_M_Classic_53'!L183&"-"&'12U_M_Classic_53'!N183&"-"&TEXT('12U_M_Classic_53'!B183,"h:mm am/pm") -> 12BX-092-ag_Group-2:30 PM | N37: ='12U_M_Champ'!L165&"-"&'12U_M_Champ'!N165&"-"&TEXT('12U_M_Champ'!B165,"h:mm am/pm") -> 12B-099-au_Group-2:30 PM | O37: ='12U_M_Champ'!L184&"-"&'12U_M_Champ'!N184&"-"&TEXT('12U_M_Champ'!B184,"h:mm am/pm") -> 12B-100-au_Group-2:30 PM | P37: 0.60416667 | Q37: ='14U_M_Champ'!L127&"-"&'14U_M_Champ'!N127&"-"&TEXT('14U_M_Champ'!B127,"h:mm am/pm") -> 14B-097-pt_Group-2:30 PM | R37: ='14U_M_Champ'!L146&"-"&'14U_M_Champ'!N146&"-"&TEXT('14U_M_Champ'!B146,"h:mm am/pm") -> 14B-098-pt_Group-2:30 PM | S37: ='14U_M_Champ'!L165&"-"&'14U_M_Champ'!N165&"-"&TEXT('14U_M_Champ'!B165,"h:mm am/pm") -> 14B-099-au_Group-2:30 PM | T37: ='14U_M_Champ'!L184&"-"&'14U_M_Champ'!N184&"-"&TEXT('14U_M_Champ'!B184,"h:mm am/pm") -> 14B-100-au_Group-2:30 PM | U37: ='12U_M_Champ'!L146&"-"&'12U_M_Champ'!N146&"-"&TEXT('12U_M_Champ'!B146,"h:mm am/pm") -> 12B-098-pt_Group-2:30 PM | V37: ='14U_M_Invite_36'!L118&"-"&'14U_M_Invite_36'!O118&"-"&TEXT('14U_M_Invite_36'!B118,"h:mm am/pm") -> 14BQ-076-ni_Group-2:30 PM | W37: ='14U_M_Invite_36'!L143&"-"&'14U_M_Invite_36'!O143&"-"&TEXT('14U_M_Invite_36'!B143,"h:mm am/pm") -> 14BQ-080-cu_Group-2:30 PM | X37: 0.60416667 | AA37: ='14U_M_Classic'!L174&"-"&'14U_M_Classic'!C174&"-"&TEXT('14U_M_Classic'!B174,"h:mm am/pm") -> 14BX-099-Group-2:30 PM | AB37: ='14U_M_Classic'!L193&"-"&'14U_M_Classic'!C193&"-"&TEXT('14U_M_Classic'!B193,"h:mm am/pm") -> 14BX-100-Group-2:30 PM | AC37: ='14U_M_Classic'!L133&"-"&'14U_M_Classic'!C133&"-"&TEXT('14U_M_Classic'!B133,"h:mm am/pm") -> 14BX-097-Group-2:30 PM | AE37: ='16U_M_Classic'!L127&"-"&'16U_M_Classic'!O127&"-"&TEXT('16U_M_Classic'!B127,"h:mm am/pm") -> 16BX-097-ag_Group-2:30 PM | AF37: ='18U_M_INVITE_NEW_23'!L81&"-"&'18U_M_INVITE_NEW_23'!N81&"-"&TEXT('18U_M_INVITE_NEW_23'!B81,"h:mm am/pm") -> 18BQ-047-ni_Group-2:30 PM | AG37: ='16U_M_Invite'!L135&"-"&'16U_M_Invite'!O135&"-"&TEXT('16U_M_Invite'!B135,"h:mm am/pm") -> 16BQ-097-ni_Group-2:30 PM | AH37: ='18U_M_Classic'!L146&"-"&'18U_M_Classic'!O146&"-"&TEXT('18U_M_Classic'!B146,"h:mm am/pm") -> 18BX-098-ag_Group-2:30 PM | AI37: ='18U_M_Classic'!L165&"-"&'18U_M_Classic'!O165&"-"&TEXT('18U_M_Classic'!B165,"h:mm am/pm") -> 18BX-099-bz_Group-2:30 PM | AJ37: ='18U_M_Classic'!L127&"-"&'18U_M_Classic'!O127&"-"&TEXT('18U_M_Classic'!B127,"h:mm am/pm") -> 18BX-097-ag_Group-2:30 PM | AK37: ='16U_M_Invite'!L173&"-"&'16U_M_Invite'!O173&"-"&TEXT('16U_M_Invite'!B173,"h:mm am/pm") -> 16BQ-099-cu_Group-2:30 PM | AL37: ='16U_M_Invite'!L192&"-"&'16U_M_Invite'!O192&"-"&TEXT('16U_M_Invite'!B192,"h:mm am/pm") -> 16BQ-100-cu_Group-2:30 PM | AM37: ='14U_M_Classic'!L155&"-"&'14U_M_Classic'!C155&"-"&TEXT('14U_M_Classic'!B155,"h:mm am/pm") -> 14BX-098-Group-2:30 PM | AN37: ='16U_M_Classic'!L146&"-"&'16U_M_Classic'!O146&"-"&TEXT('16U_M_Classic'!B146,"h:mm am/pm") -> 16BX-098-ag_Group-2:30 PM | AO37: ='16U_M_Invite'!L154&"-"&'16U_M_Invite'!O154&"-"&TEXT('16U_M_Invite'!B154,"h:mm am/pm") -> 16BQ-098-ni_Group-2:30 PM | AP37: ='16U_M_Classic'!L184&"-"&'16U_M_Classic'!O184&"-"&TEXT('16U_M_Classic'!B184,"h:mm am/pm") -> 16BX-100-bz_Group-2:30 PM | AQ37: ='16U_M_Classic'!L165&"-"&'16U_M_Classic'!O165&"-"&TEXT('16U_M_Classic'!B165,"h:mm am/pm") -> 16BX-099-bz_Group-2:30 PM | AR37: ='14U_M_Invite_36'!L99&"-"&'14U_M_Invite_36'!O99&"-"&TEXT('14U_M_Invite_36'!B99,"h:mm am/pm") -> 14BQ-075-ni_Group-2:30 PM | AS37: ='18U_M_Classic'!L184&"-"&'18U_M_Classic'!O184&"-"&TEXT('18U_M_Classic'!B184,"h:mm am/pm") -> 18BX-100-bz_Group-2:30 PM | AT37: ='18U_M_INVITE_NEW_23'!L96&"-"&'18U_M_INVITE_NEW_23'!N96&"-"&TEXT('18U_M_INVITE_NEW_23'!B96,"h:mm am/pm") -> 18BQ-048-cu_Group-2:30 PM | AU37: 0.60416667 | AV37: ='16U_M_Champ'!L127&"-"&'16U_M_Champ'!O127&"-"&TEXT('16U_M_Champ'!B127,"h:mm am/pm") -> 16B-097-pt_Group-2:30 PM | AW37: ='16U_M_Champ'!L146&"-"&'16U_M_Champ'!O146&"-"&TEXT('16U_M_Champ'!B146,"h:mm am/pm") -> 16B-098-pt_Group-2:30 PM | AX37: ='16U_M_Champ'!L165&"-"&'16U_M_Champ'!O165&"-"&TEXT('16U_M_Champ'!B165,"h:mm am/pm") -> 16B-099-au_Group-2:30 PM | AY37: ='16U_M_Champ'!L184&"-"&'16U_M_Champ'!O184&"-"&TEXT('16U_M_Champ'!B184,"h:mm am/pm") -> 16B-100-au_Group-2:30 PM | BA37: 0.66666667 | BB37: ='18U_M_Champ'!L130&"-"&'18U_M_Champ'!N130&"-"&TEXT('18U_M_Champ'!B130,"h:mm am/pm") -> 18B-104-pt_Group-4:00 PM | BC37: ='18U_M_Champ'!L191&"-"&'18U_M_Champ'!N191&"-"&TEXT('18U_M_Champ'!B191,"h:mm am/pm") -> 18B-108-pt_Group-4:00 PM | BE37: ='18U_M_Champ'!L159&"-"&'18U_M_Champ'!N159&"-"&TEXT('18U_M_Champ'!B159,"h:mm am/pm") -> 18B-106-au_Group-4:00 PM | BF37: ='18U_M_Champ'!L175&"-"&'18U_M_Champ'!N175&"-"&TEXT('18U_M_Champ'!B175,"h:mm am/pm") -> 18B-107-au_Group-4:00 PM
A38: 0.63888889 | B38: ='10U_M_Champ_35'!L142&"-"&'10U_M_Champ_35'!O142&"-"&TEXT('10U_M_Champ_35'!B142,"h:mm am/pm") -> 10B-077-au_W/L-3:20 PM | C38: ='10U_M_Champ_35'!L98&"-"&'10U_M_Champ_35'!O98&"-"&TEXT('10U_M_Champ_35'!B98,"h:mm am/pm") -> 10B-078-pt_Group-3:20 PM | D38: ='10U_M_Champ_35'!L117&"-"&'10U_M_Champ_35'!O117&"-"&TEXT('10U_M_Champ_35'!B117,"h:mm am/pm") -> 10B-079-pt_Group-3:20 PM | F38: ='12U_M_Classic_53'!L218&"-"&'12U_M_Classic_53'!N218&"-"&TEXT('12U_M_Classic_53'!B218,"h:mm am/pm") -> 12BX-094-bz_1st/2ndP-3:20 PM | H38: ='12U_M_Classic_53'!L201&"-"&'12U_M_Classic_53'!N201&"-"&TEXT('12U_M_Classic_53'!B201,"h:mm am/pm") -> 12BX-97A-bz_3rd/4thR-3:20 PM | I38: 0.63888889 | J38: ='12U_M_Classic_53'!L169&"-"&'12U_M_Classic_53'!N169&"-"&TEXT('12U_M_Classic_53'!B169,"h:mm am/pm") -> 12BX-095-ag_Group-3:20 PM | K38: 0.63888889 | L38: ='12U_M_Champ'!L128&"-"&'12U_M_Champ'!N128&"-"&TEXT('12U_M_Champ'!B128,"h:mm am/pm") -> 12B-101-pt_Group-3:20 PM | M38: ='12U_M_Classic_53'!L184&"-"&'12U_M_Classic_53'!N184&"-"&TEXT('12U_M_Classic_53'!B184,"h:mm am/pm") -> 12BX-096-ag_Group-3:20 PM | N38: ='12U_M_Champ'!L166&"-"&'12U_M_Champ'!N166&"-"&TEXT('12U_M_Champ'!B166,"h:mm am/pm") -> 12B-103-au_Group-3:20 PM | O38: ='12U_M_Champ'!L185&"-"&'12U_M_Champ'!N185&"-"&TEXT('12U_M_Champ'!B185,"h:mm am/pm") -> 12B-104-au_Group-3:20 PM | P38: 0.63888889 | Q38: ='14U_M_Champ'!L128&"-"&'14U_M_Champ'!N128&"-"&TEXT('14U_M_Champ'!B128,"h:mm am/pm") -> 14B-101-pt_Group-3:20 PM | R38: ='14U_M_Champ'!L147&"-"&'14U_M_Champ'!N147&"-"&TEXT('14U_M_Champ'!B147,"h:mm am/pm") -> 14B-102-pt_Group-3:20 PM | S38: ='14U_M_Champ'!L166&"-"&'14U_M_Champ'!N166&"-"&TEXT('14U_M_Champ'!B166,"h:mm am/pm") -> 14B-103-au_Group-3:20 PM | T38: ='14U_M_Champ'!L185&"-"&'14U_M_Champ'!N185&"-"&TEXT('14U_M_Champ'!B185,"h:mm am/pm") -> 14B-104-au_Group-3:20 PM | U38: ='12U_M_Champ'!L147&"-"&'12U_M_Champ'!N147&"-"&TEXT('12U_M_Champ'!B147,"h:mm am/pm") -> 12B-102-pt_Group-3:20 PM | V38: ='14U_M_Invite_36'!L119&"-"&'14U_M_Invite_36'!O119&"-"&TEXT('14U_M_Invite_36'!B119,"h:mm am/pm") -> 14BQ-079-ni_Group-3:20 PM | W38: ='14U_M_Invite_36'!L144&"-"&'14U_M_Invite_36'!O144&"-"&TEXT('14U_M_Invite_36'!B144,"h:mm am/pm") -> 14BQ-083-cu_Group-3:20 PM | X38: 0.63888889 | Y38: ='14U_M_Classic'!L197&"-"&'14U_M_Classic'!C197&"-"&TEXT('14U_M_Classic'!B197,"h:mm am/pm") -> 14BX-104-Group-3:20 PM | AA38: ='14U_M_Classic'!L175&"-"&'14U_M_Classic'!C175&"-"&TEXT('14U_M_Classic'!B175,"h:mm am/pm") -> 14BX-103-Group-3:20 PM | AC38: ='14U_M_Classic'!L134&"-"&'14U_M_Classic'!C134&"-"&TEXT('14U_M_Classic'!B134,"h:mm am/pm") -> 14BX-101-Group-3:20 PM | AE38: ='16U_M_Classic'!L128&"-"&'16U_M_Classic'!O128&"-"&TEXT('16U_M_Classic'!B128,"h:mm am/pm") -> 16BX-101-ag_Group-3:20 PM | AF38: ='18U_M_INVITE_NEW_23'!L82&"-"&'18U_M_INVITE_NEW_23'!N82&"-"&TEXT('18U_M_INVITE_NEW_23'!B82,"h:mm am/pm") -> 18BQ-049-ni_Group-3:20 PM | AG38: ='16U_M_Invite'!L136&"-"&'16U_M_Invite'!O136&"-"&TEXT('16U_M_Invite'!B136,"h:mm am/pm") -> 16BQ-101-ni_Group-3:20 PM | AH38: ='18U_M_Classic'!L147&"-"&'18U_M_Classic'!O147&"-"&TEXT('18U_M_Classic'!B147,"h:mm am/pm") -> 18BX-102-ag_Group-3:20 PM | AI38: ='18U_M_Classic'!L166&"-"&'18U_M_Classic'!O166&"-"&TEXT('18U_M_Classic'!B166,"h:mm am/pm") -> 18BX-103-bz_Group-3:20 PM | AJ38: ='18U_M_Classic'!L128&"-"&'18U_M_Classic'!O128&"-"&TEXT('18U_M_Classic'!B128,"h:mm am/pm") -> 18BX-101-ag_Group-3:20 PM | AK38: ='16U_M_Invite'!L174&"-"&'16U_M_Invite'!O174&"-"&TEXT('16U_M_Invite'!B174,"h:mm am/pm") -> 16BQ-103-cu_Group-3:20 PM | AL38: ='16U_M_Invite'!L193&"-"&'16U_M_Invite'!O193&"-"&TEXT('16U_M_Invite'!B193,"h:mm am/pm") -> 16BQ-104-cu_Group-3:20 PM | AM38: ='14U_M_Classic'!L156&"-"&'14U_M_Classic'!C156&"-"&TEXT('14U_M_Classic'!B156,"h:mm am/pm") -> 14BX-102-Group-3:20 PM | AN38: ='16U_M_Classic'!L147&"-"&'16U_M_Classic'!O147&"-"&TEXT('16U_M_Classic'!B147,"h:mm am/pm") -> 16BX-102-ag_Group-3:20 PM | AO38: ='16U_M_Invite'!L155&"-"&'16U_M_Invite'!O155&"-"&TEXT('16U_M_Invite'!B155,"h:mm am/pm") -> 16BQ-102-ni_Group-3:20 PM | AP38: ='16U_M_Classic'!L185&"-"&'16U_M_Classic'!O185&"-"&TEXT('16U_M_Classic'!B185,"h:mm am/pm") -> 16BX-104-bz_Group-3:20 PM | AQ38: ='16U_M_Classic'!L166&"-"&'16U_M_Classic'!O166&"-"&TEXT('16U_M_Classic'!B166,"h:mm am/pm") -> 16BX-103-bz_Group-3:20 PM | AR38: ='14U_M_Invite_36'!L100&"-"&'14U_M_Invite_36'!O100&"-"&TEXT('14U_M_Invite_36'!B100,"h:mm am/pm") -> 14BQ-078-ni_Group-3:20 PM | AS38: ='18U_M_Classic'!L185&"-"&'18U_M_Classic'!O185&"-"&TEXT('18U_M_Classic'!B185,"h:mm am/pm") -> 18BX-104-bz_Group-3:20 PM | AT38: ='18U_M_INVITE_NEW_23'!L97&"-"&'18U_M_INVITE_NEW_23'!N97&"-"&TEXT('18U_M_INVITE_NEW_23'!B97,"h:mm am/pm") -> 18BQ-050-cu_Group-3:20 PM | AU38: 0.63888889 | AV38: ='16U_M_Champ'!L128&"-"&'16U_M_Champ'!O128&"-"&TEXT('16U_M_Champ'!B128,"h:mm am/pm") -> 16B-101-pt_Group-3:20 PM | AW38: ='16U_M_Champ'!L147&"-"&'16U_M_Champ'!O147&"-"&TEXT('16U_M_Champ'!B147,"h:mm am/pm") -> 16B-102-pt_Group-3:20 PM | AX38: ='16U_M_Champ'!L166&"-"&'16U_M_Champ'!O166&"-"&TEXT('16U_M_Champ'!B166,"h:mm am/pm") -> 16B-103-au_Group-3:20 PM | AY38: ='16U_M_Champ'!L185&"-"&'16U_M_Champ'!O185&"-"&TEXT('16U_M_Champ'!B185,"h:mm am/pm") -> 16B-104-au_Group-3:20 PM | BA38: 0.70833333
A39: 0.67361111 | B39: ='10U_M_Champ_35'!L143&"-"&'10U_M_Champ_35'!O143&"-"&TEXT('10U_M_Champ_35'!B143,"h:mm am/pm") -> 10B-080-au_W/L-4:10 PM | C39: ='10U_M_Champ_35'!L99&"-"&'10U_M_Champ_35'!O99&"-"&TEXT('10U_M_Champ_35'!B99,"h:mm am/pm") -> 10B-081-pt_Group-4:10 PM | D39: ='10U_M_Champ_35'!L118&"-"&'10U_M_Champ_35'!O118&"-"&TEXT('10U_M_Champ_35'!B118,"h:mm am/pm") -> 10B-082-pt_Group-4:10 PM | F39: ='12U_M_Classic_53'!L219&"-"&'12U_M_Classic_53'!N219&"-"&TEXT('12U_M_Classic_53'!B219,"h:mm am/pm") -> 12BX-110-bz_3rd/4thP-4:10 PM | H39: ='12U_M_Classic_53'!L202&"-"&'12U_M_Classic_53'!N202&"-"&TEXT('12U_M_Classic_53'!B202,"h:mm am/pm") -> 12BX-101-bz_Group-4:10 PM | I39: 0.67361111 | J39: ='12U_M_Classic_53'!L170&"-"&'12U_M_Classic_53'!N170&"-"&TEXT('12U_M_Classic_53'!B170,"h:mm am/pm") -> 12BX-099-ag_Group-4:10 PM | K39: 0.67361111 | L39: ='12U_M_Champ'!L129&"-"&'12U_M_Champ'!N129&"-"&TEXT('12U_M_Champ'!B129,"h:mm am/pm") -> 12B-105-pt_Group-4:10 PM | M39: ='12U_M_Classic_53'!L185&"-"&'12U_M_Classic_53'!N185&"-"&TEXT('12U_M_Classic_53'!B185,"h:mm am/pm") -> 12BX-100-ag_Group-4:10 PM | N39: ='12U_M_Champ'!L167&"-"&'12U_M_Champ'!N167&"-"&TEXT('12U_M_Champ'!B167,"h:mm am/pm") -> 12B-107-au_Group-4:10 PM | O39: ='12U_M_Champ'!L186&"-"&'12U_M_Champ'!N186&"-"&TEXT('12U_M_Champ'!B186,"h:mm am/pm") -> 12B-108-au_Group-4:10 PM | P39: 0.67361111 | Q39: ='14U_M_Champ'!L129&"-"&'14U_M_Champ'!N129&"-"&TEXT('14U_M_Champ'!B129,"h:mm am/pm") -> 14B-105-pt_Group-4:10 PM | R39: ='14U_M_Champ'!L148&"-"&'14U_M_Champ'!N148&"-"&TEXT('14U_M_Champ'!B148,"h:mm am/pm") -> 14B-106-pt_Group-4:10 PM | S39: ='14U_M_Champ'!L167&"-"&'14U_M_Champ'!N167&"-"&TEXT('14U_M_Champ'!B167,"h:mm am/pm") -> 14B-107-au_Group-4:10 PM | T39: ='14U_M_Champ'!L186&"-"&'14U_M_Champ'!N186&"-"&TEXT('14U_M_Champ'!B186,"h:mm am/pm") -> 14B-108-au_Group-4:10 PM | U39: ='12U_M_Champ'!L148&"-"&'12U_M_Champ'!N148&"-"&TEXT('12U_M_Champ'!B148,"h:mm am/pm") -> 12B-106-pt_Group-4:10 PM | V39: ='14U_M_Invite_36'!L120&"-"&'14U_M_Invite_36'!O120&"-"&TEXT('14U_M_Invite_36'!B120,"h:mm am/pm") -> 14BQ-082-ni_Group-4:10 PM | W39: ='14U_M_Invite_36'!L145&"-"&'14U_M_Invite_36'!O145&"-"&TEXT('14U_M_Invite_36'!B145,"h:mm am/pm") -> 14BQ-084-cu_Group-4:10 PM | X39: 0.67361111 | Y39: ='14U_M_Classic'!L198&"-"&'14U_M_Classic'!C198&"-"&TEXT('14U_M_Classic'!B198,"h:mm am/pm") -> 14BX-108-Group-4:10 PM | AA39: ='14U_M_Classic'!L176&"-"&'14U_M_Classic'!C176&"-"&TEXT('14U_M_Classic'!B176,"h:mm am/pm") -> 14BX-107-Group-4:10 PM | AD39: ='14U_M_Classic'!L138&"-"&'14U_M_Classic'!C138&"-"&TEXT('14U_M_Classic'!B138,"h:mm am/pm") -> 14BX-105-Group-4:10 PM | AE39: ='16U_M_Classic'!L129&"-"&'16U_M_Classic'!O129&"-"&TEXT('16U_M_Classic'!B129,"h:mm am/pm") -> 16BX-105-ag_Group-4:10 PM | AF39: ='18U_M_INVITE_NEW_23'!L83&"-"&'18U_M_INVITE_NEW_23'!N83&"-"&TEXT('18U_M_INVITE_NEW_23'!B83,"h:mm am/pm") -> 18BQ-051-ni_Group-4:10 PM | AG39: ='16U_M_Invite'!L137&"-"&'16U_M_Invite'!O137&"-"&TEXT('16U_M_Invite'!B137,"h:mm am/pm") -> 16BQ-105-ni_Group-4:10 PM | AH39: ='18U_M_Classic'!L148&"-"&'18U_M_Classic'!O148&"-"&TEXT('18U_M_Classic'!B148,"h:mm am/pm") -> 18BX-106-ag_Group-4:10 PM | AI39: ='18U_M_Classic'!L167&"-"&'18U_M_Classic'!O167&"-"&TEXT('18U_M_Classic'!B167,"h:mm am/pm") -> 18BX-107-bz_Group-4:10 PM | AJ39: ='18U_M_Classic'!L129&"-"&'18U_M_Classic'!O129&"-"&TEXT('18U_M_Classic'!B129,"h:mm am/pm") -> 18BX-105-ag_Group-4:10 PM | AK39: ='16U_M_Invite'!L175&"-"&'16U_M_Invite'!O175&"-"&TEXT('16U_M_Invite'!B175,"h:mm am/pm") -> 16BQ-107-cu_Group-4:10 PM | AL39: ='16U_M_Invite'!L194&"-"&'16U_M_Invite'!O194&"-"&TEXT('16U_M_Invite'!B194,"h:mm am/pm") -> 16BQ-108-cu_Group-4:10 PM | AM39: ='14U_M_Classic'!L157&"-"&'14U_M_Classic'!C157&"-"&TEXT('14U_M_Classic'!B157,"h:mm am/pm") -> 14BX-106-Group-4:10 PM | AN39: ='16U_M_Classic'!L148&"-"&'16U_M_Classic'!O148&"-"&TEXT('16U_M_Classic'!B148,"h:mm am/pm") -> 16BX-106-ag_Group-4:10 PM | AO39: ='16U_M_Invite'!L156&"-"&'16U_M_Invite'!O156&"-"&TEXT('16U_M_Invite'!B156,"h:mm am/pm") -> 16BQ-106-ni_Group-4:10 PM | AP39: ='16U_M_Classic'!L186&"-"&'16U_M_Classic'!O186&"-"&TEXT('16U_M_Classic'!B186,"h:mm am/pm") -> 16BX-108-bz_Group-4:10 PM | AQ39: ='16U_M_Classic'!L167&"-"&'16U_M_Classic'!O167&"-"&TEXT('16U_M_Classic'!B167,"h:mm am/pm") -> 16BX-107-bz_Group-4:10 PM | AR39: ='14U_M_Invite_36'!L101&"-"&'14U_M_Invite_36'!O101&"-"&TEXT('14U_M_Invite_36'!B101,"h:mm am/pm") -> 14BQ-081-ni_Group-4:10 PM | AS39: ='18U_M_Classic'!L186&"-"&'18U_M_Classic'!O186&"-"&TEXT('18U_M_Classic'!B186,"h:mm am/pm") -> 18BX-108-bz_Group-4:10 PM | AU39: 0.67361111 | AV39: ='16U_M_Champ'!L129&"-"&'16U_M_Champ'!O129&"-"&TEXT('16U_M_Champ'!B129,"h:mm am/pm") -> 16B-105-pt_Group-4:10 PM | AW39: ='16U_M_Champ'!L148&"-"&'16U_M_Champ'!O148&"-"&TEXT('16U_M_Champ'!B148,"h:mm am/pm") -> 16B-106-pt_Group-4:10 PM | AX39: ='16U_M_Champ'!L167&"-"&'16U_M_Champ'!O167&"-"&TEXT('16U_M_Champ'!B167,"h:mm am/pm") -> 16B-107-au_Group-4:10 PM | AY39: ='16U_M_Champ'!L186&"-"&'16U_M_Champ'!O186&"-"&TEXT('16U_M_Champ'!B186,"h:mm am/pm") -> 16B-108-au_Group-4:10 PM | BA39: 0.75 | BD39: ='18U_M_Champ'!L145&"-"&'18U_M_Champ'!N145&"-"&TEXT('18U_M_Champ'!B145,"h:mm am/pm") -> 18B-109-pt_Play-in-6:00 PM | BE39: ='18U_M_Champ'!L161&"-"&'18U_M_Champ'!N161&"-"&TEXT('18U_M_Champ'!B161,"h:mm am/pm") -> 18B-110-au_Play-in-6:00 PM | BF39: ='18U_M_Champ'!L177&"-"&'18U_M_Champ'!N177&"-"&TEXT('18U_M_Champ'!B177,"h:mm am/pm") -> 18B-111-au_Play-in-6:00 PM
A40: 0.70833333 | B40: ='10U_M_Champ_35'!L144&"-"&'10U_M_Champ_35'!O144&"-"&TEXT('10U_M_Champ_35'!B144,"h:mm am/pm") -> 10B-083-au_Group-5:00 PM | F40: ='12U_M_Classic_53'!L220&"-"&'12U_M_Classic_53'!N220&"-"&TEXT('12U_M_Classic_53'!B220,"h:mm am/pm") -> 12BX-098-bz_1st/2ndT-5:00 PM | H40: ='12U_M_Classic_53'!L203&"-"&'12U_M_Classic_53'!N203&"-"&TEXT('12U_M_Classic_53'!B203,"h:mm am/pm") -> 12BX-105-bz_Group-5:00 PM | I40: 0.70833333 | J40: ='12U_M_Classic_53'!L171&"-"&'12U_M_Classic_53'!N171&"-"&TEXT('12U_M_Classic_53'!B171,"h:mm am/pm") -> 12BX-103-ag_Group-5:00 PM | K40: 0.70833333 | M40: ='12U_M_Classic_53'!L186&"-"&'12U_M_Classic_53'!N186&"-"&TEXT('12U_M_Classic_53'!B186,"h:mm am/pm") -> 12BX-104-ag_Group-5:00 PM | P40: 0.70833333 | X40: 0.70833333 | AU40: 0.70833333 | BA40: 0.79166667 | BC40: ='18U_M_Champ'!L194&"-"&'18U_M_Champ'!N194&"-"&TEXT('18U_M_Champ'!B194,"h:mm am/pm") -> 18B-112-pt_Play-in-7:00 PM | BD40: ='18U_M_Champ'!L146&"-"&'18U_M_Champ'!N146&"-"&TEXT('18U_M_Champ'!B146,"h:mm am/pm") -> 18B-113-pt_Play-in-7:00 PM | BE40: ='18U_M_Champ'!L162&"-"&'18U_M_Champ'!N162&"-"&TEXT('18U_M_Champ'!B162,"h:mm am/pm") -> 18B-114-au_Play-in-7:00 PM | BF40: ='18U_M_Champ'!L178&"-"&'18U_M_Champ'!N178&"-"&TEXT('18U_M_Champ'!B178,"h:mm am/pm") -> 18B-115-au_Play-in-7:00 PM
A41: 0.74305556 | B41: ='10U_M_Champ_35'!L145&"-"&'10U_M_Champ_35'!O145&"-"&TEXT('10U_M_Champ_35'!B145,"h:mm am/pm") -> 10B-084-au_W/L-5:50 PM | F41: ='12U_M_Classic_53'!L221&"-"&'12U_M_Classic_53'!N221&"-"&TEXT('12U_M_Classic_53'!B221,"h:mm am/pm") -> 12BX-102-bz_Group-5:50 PM | H41: ='12U_M_Classic_53'!L204&"-"&'12U_M_Classic_53'!N204&"-"&TEXT('12U_M_Classic_53'!B204,"h:mm am/pm") -> 12BX-111-bz_3rd/4thS-5:50 PM | I41: 0.74305556 | J41: ='12U_M_Classic_53'!L172&"-"&'12U_M_Classic_53'!N172&"-"&TEXT('12U_M_Classic_53'!B172,"h:mm am/pm") -> 12BX-107-ag_Group-5:50 PM | K41: 0.74305556 | M41: ='12U_M_Classic_53'!L187&"-"&'12U_M_Classic_53'!N187&"-"&TEXT('12U_M_Classic_53'!B187,"h:mm am/pm") -> 12BX-108-ag_Group-5:50 PM | P41: 0.74305556 | X41: 0.74305556 | AU41: 0.74305556 | BA41: 0.83333333 | BC41: ='18U_M_Champ'!L195&"-"&'18U_M_Champ'!N195&"-"&TEXT('18U_M_Champ'!B195,"h:mm am/pm") -> 18B-116-pt_Play-in-8:00 PM
A42: 0.77777778 | C42: ='10U_M_Champ_35'!L102&"-"&'10U_M_Champ_35'!O102&"-"&TEXT('10U_M_Champ_35'!B102,"h:mm am/pm") -> 10B-085-pt_Play-in-6:40 PM | D42: ='10U_M_Champ_35'!L121&"-"&'10U_M_Champ_35'!O121&"-"&TEXT('10U_M_Champ_35'!B121,"h:mm am/pm") -> 10B-086-pt_Play-in-6:40 PM | F42: ='12U_M_Classic_53'!L222&"-"&'12U_M_Classic_53'!N222&"-"&TEXT('12U_M_Classic_53'!B222,"h:mm am/pm") -> 12BX-112-bz_3rd/4thT-6:40 PM | I42: 0.77777778 | K42: 0.77777778 | L42: ='12U_M_Champ'!L132&"-"&'12U_M_Champ'!N132&"-"&TEXT('12U_M_Champ'!B132,"h:mm am/pm") -> 12B-109-pt_Play-in-6:40 PM | N42: ='12U_M_Champ'!L170&"-"&'12U_M_Champ'!N170&"-"&TEXT('12U_M_Champ'!B170,"h:mm am/pm") -> 12B-111-au_Play-in-6:40 PM | O42: ='12U_M_Champ'!L189&"-"&'12U_M_Champ'!N189&"-"&TEXT('12U_M_Champ'!B189,"h:mm am/pm") -> 12B-112-au_Play-in-6:40 PM | P42: 0.77777778 | Q42: ='14U_M_Champ'!L132&"-"&'14U_M_Champ'!N132&"-"&TEXT('14U_M_Champ'!B132,"h:mm am/pm") -> 14B-109-pt_Play-in-6:40 PM | R42: ='14U_M_Champ'!L151&"-"&'14U_M_Champ'!N151&"-"&TEXT('14U_M_Champ'!B151,"h:mm am/pm") -> 14B-110-pt_Play-in-6:40 PM | S42: ='14U_M_Champ'!L170&"-"&'14U_M_Champ'!N170&"-"&TEXT('14U_M_Champ'!B170,"h:mm am/pm") -> 14B-111-au_Play-in-6:40 PM | T42: ='14U_M_Champ'!L189&"-"&'14U_M_Champ'!N189&"-"&TEXT('14U_M_Champ'!B189,"h:mm am/pm") -> 14B-112-au_Play-in-6:40 PM | U42: ='12U_M_Champ'!L151&"-"&'12U_M_Champ'!N151&"-"&TEXT('12U_M_Champ'!B151,"h:mm am/pm") -> 12B-110-pt_Play-in-6:40 PM | V42: ='14U_M_Invite_36'!L123&"-"&'14U_M_Invite_36'!O123&"-"&TEXT('14U_M_Invite_36'!B123,"h:mm am/pm") -> 14BQ-086-ni_Play-in-6:40 PM | X42: 0.77777778 | Y42: ='14U_M_Classic'!L201&"-"&'14U_M_Classic'!C201&"-"&TEXT('14U_M_Classic'!B201,"h:mm am/pm") -> 14BX-112-Play-in-6:40 PM | AA42: ='14U_M_Classic'!L179&"-"&'14U_M_Classic'!C179&"-"&TEXT('14U_M_Classic'!B179,"h:mm am/pm") -> 14BX-111-Play-in-6:40 PM | AD42: ='14U_M_Classic'!L141&"-"&'14U_M_Classic'!C141&"-"&TEXT('14U_M_Classic'!B141,"h:mm am/pm") -> 14BX-109-Play-in-6:40 PM | AE42: ='16U_M_Classic'!L132&"-"&'16U_M_Classic'!O132&"-"&TEXT('16U_M_Classic'!B132,"h:mm am/pm") -> 16BX-109-ag_Play-in-6:40 PM | AG42: ='16U_M_Invite'!L140&"-"&'16U_M_Invite'!O140&"-"&TEXT('16U_M_Invite'!B140,"h:mm am/pm") -> 16BQ-109-ni_Play-in-6:40 PM | AH42: ='18U_M_Classic'!L151&"-"&'18U_M_Classic'!O151&"-"&TEXT('18U_M_Classic'!B151,"h:mm am/pm") -> 18BX-110-ag_Play-in-6:40 PM | AI42: ='18U_M_Classic'!L170&"-"&'18U_M_Classic'!O170&"-"&TEXT('18U_M_Classic'!B170,"h:mm am/pm") -> 18BX-111-bz_Play-in-6:40 PM | AJ42: ='18U_M_Classic'!L132&"-"&'18U_M_Classic'!O132&"-"&TEXT('18U_M_Classic'!B132,"h:mm am/pm") -> 18BX-109-ag_Play-in-6:40 PM | AK42: ='16U_M_Invite'!L178&"-"&'16U_M_Invite'!O178&"-"&TEXT('16U_M_Invite'!B178,"h:mm am/pm") -> 16BQ-111-cu_Play-in-6:40 PM | AL42: ='16U_M_Invite'!L197&"-"&'16U_M_Invite'!O197&"-"&TEXT('16U_M_Invite'!B197,"h:mm am/pm") -> 16BQ-112-cu_Play-in-6:40 PM | AM42: ='14U_M_Classic'!L160&"-"&'14U_M_Classic'!C160&"-"&TEXT('14U_M_Classic'!B160,"h:mm am/pm") -> 14BX-110-Play-in-6:40 PM | AN42: ='16U_M_Classic'!L151&"-"&'16U_M_Classic'!O151&"-"&TEXT('16U_M_Classic'!B151,"h:mm am/pm") -> 16BX-110-ag_Play-in-6:40 PM | AO42: ='16U_M_Invite'!L159&"-"&'16U_M_Invite'!O159&"-"&TEXT('16U_M_Invite'!B159,"h:mm am/pm") -> 16BQ-110-ni_Play-in-6:40 PM | AP42: ='16U_M_Classic'!L189&"-"&'16U_M_Classic'!O189&"-"&TEXT('16U_M_Classic'!B189,"h:mm am/pm") -> 16BX-112-bz_Play-in-6:40 PM | AQ42: ='16U_M_Classic'!L170&"-"&'16U_M_Classic'!O170&"-"&TEXT('16U_M_Classic'!B170,"h:mm am/pm") -> 16BX-111-bz_Play-in-6:40 PM | AR42: ='14U_M_Invite_36'!L104&"-"&'14U_M_Invite_36'!O104&"-"&TEXT('14U_M_Invite_36'!B104,"h:mm am/pm") -> 14BQ-085-ni_Play-in-6:40 PM | AS42: ='18U_M_Classic'!L189&"-"&'18U_M_Classic'!O189&"-"&TEXT('18U_M_Classic'!B189,"h:mm am/pm") -> 18BX-112-bz_Play-in-6:40 PM | AU42: 0.77777778 | AV42: ='16U_M_Champ'!L132&"-"&'16U_M_Champ'!O132&"-"&TEXT('16U_M_Champ'!B132,"h:mm am/pm") -> 16B-109-pt_Play-in-6:40 PM | AW42: ='16U_M_Champ'!L151&"-"&'16U_M_Champ'!O151&"-"&TEXT('16U_M_Champ'!B151,"h:mm am/pm") -> 16B-110-pt_Play-in-6:40 PM | AX42: ='16U_M_Champ'!L170&"-"&'16U_M_Champ'!O170&"-"&TEXT('16U_M_Champ'!B170,"h:mm am/pm") -> 16B-111-au_Play-in-6:40 PM | AY42: ='16U_M_Champ'!L189&"-"&'16U_M_Champ'!O189&"-"&TEXT('16U_M_Champ'!B189,"h:mm am/pm") -> 16B-112-au_Play-in-6:40 PM
A43: 0.8125 | C43: ='10U_M_Champ_35'!L103&"-"&'10U_M_Champ_35'!O103&"-"&TEXT('10U_M_Champ_35'!B103,"h:mm am/pm") -> 10B-087-pt_Play-in-7:30 PM | D43: ='10U_M_Champ_35'!L122&"-"&'10U_M_Champ_35'!O122&"-"&TEXT('10U_M_Champ_35'!B122,"h:mm am/pm") -> 10B-088-pt_Play-in-7:30 PM | I43: 0.8125 | K43: 0.8125 | L43: ='12U_M_Champ'!L133&"-"&'12U_M_Champ'!N133&"-"&TEXT('12U_M_Champ'!B133,"h:mm am/pm") -> 12B-113-pt_Play-in-7:30 PM | N43: ='12U_M_Champ'!L171&"-"&'12U_M_Champ'!N171&"-"&TEXT('12U_M_Champ'!B171,"h:mm am/pm") -> 12B-115-au_Play-in-7:30 PM | O43: ='12U_M_Champ'!L190&"-"&'12U_M_Champ'!N190&"-"&TEXT('12U_M_Champ'!B190,"h:mm am/pm") -> 12B-116-au_Play-in-7:30 PM | P43: 0.8125 | Q43: ='14U_M_Champ'!L133&"-"&'14U_M_Champ'!N133&"-"&TEXT('14U_M_Champ'!B133,"h:mm am/pm") -> 14B-113-pt_Play-in-7:30 PM | R43: ='14U_M_Champ'!L152&"-"&'14U_M_Champ'!N152&"-"&TEXT('14U_M_Champ'!B152,"h:mm am/pm") -> 14B-114-pt_Play-in-7:30 PM | S43: ='14U_M_Champ'!L171&"-"&'14U_M_Champ'!N171&"-"&TEXT('14U_M_Champ'!B171,"h:mm am/pm") -> 14B-115-au_Play-in-7:30 PM | T43: ='14U_M_Champ'!L190&"-"&'14U_M_Champ'!N190&"-"&TEXT('14U_M_Champ'!B190,"h:mm am/pm") -> 14B-116-au_Play-in-7:30 PM | U43: ='12U_M_Champ'!L152&"-"&'12U_M_Champ'!N152&"-"&TEXT('12U_M_Champ'!B152,"h:mm am/pm") -> 12B-114-pt_Play-in-7:30 PM | V43: ='14U_M_Invite_36'!L124&"-"&'14U_M_Invite_36'!O124&"-"&TEXT('14U_M_Invite_36'!B124,"h:mm am/pm") -> 14BQ-088-ni_Play-in-7:30 PM | X43: 0.8125 | Y43: ='14U_M_Classic'!L202&"-"&'14U_M_Classic'!C202&"-"&TEXT('14U_M_Classic'!B202,"h:mm am/pm") -> 14BX-116-Play-in-7:30 PM | AA43: ='14U_M_Classic'!L180&"-"&'14U_M_Classic'!C180&"-"&TEXT('14U_M_Classic'!B180,"h:mm am/pm") -> 14BX-115-Play-in-7:30 PM | AD43: ='14U_M_Classic'!L142&"-"&'14U_M_Classic'!C142&"-"&TEXT('14U_M_Classic'!B142,"h:mm am/pm") -> 14BX-113-Play-in-7:30 PM | AE43: ='16U_M_Classic'!L133&"-"&'16U_M_Classic'!O133&"-"&TEXT('16U_M_Classic'!B133,"h:mm am/pm") -> 16BX-113-ag_Play-in-7:30 PM | AG43: ='16U_M_Invite'!L141&"-"&'16U_M_Invite'!O141&"-"&TEXT('16U_M_Invite'!B141,"h:mm am/pm") -> 16BQ-113-ni_Play-in-7:30 PM | AH43: ='18U_M_Classic'!L152&"-"&'18U_M_Classic'!O152&"-"&TEXT('18U_M_Classic'!B152,"h:mm am/pm") -> 18BX-114-ag_Play-in-7:30 PM | AI43: ='18U_M_Classic'!L171&"-"&'18U_M_Classic'!O171&"-"&TEXT('18U_M_Classic'!B171,"h:mm am/pm") -> 18BX-115-bz_Play-in-7:30 PM | AJ43: ='18U_M_Classic'!L133&"-"&'18U_M_Classic'!O133&"-"&TEXT('18U_M_Classic'!B133,"h:mm am/pm") -> 18BX-113-ag_Play-in-7:30 PM | AK43: ='16U_M_Invite'!L179&"-"&'16U_M_Invite'!O179&"-"&TEXT('16U_M_Invite'!B179,"h:mm am/pm") -> 16BQ-115-cu_Play-in-7:30 PM | AL43: ='16U_M_Invite'!L198&"-"&'16U_M_Invite'!O198&"-"&TEXT('16U_M_Invite'!B198,"h:mm am/pm") -> 16BQ-116-cu_Play-in-7:30 PM | AM43: ='14U_M_Classic'!L161&"-"&'14U_M_Classic'!C161&"-"&TEXT('14U_M_Classic'!B161,"h:mm am/pm") -> 14BX-114-Play-in-7:30 PM | AN43: ='16U_M_Classic'!L152&"-"&'16U_M_Classic'!O152&"-"&TEXT('16U_M_Classic'!B152,"h:mm am/pm") -> 16BX-114-ag_Play-in-7:30 PM | AO43: ='16U_M_Invite'!L160&"-"&'16U_M_Invite'!O160&"-"&TEXT('16U_M_Invite'!B160,"h:mm am/pm") -> 16BQ-114-ni_Play-in-7:30 PM | AP43: ='16U_M_Classic'!L190&"-"&'16U_M_Classic'!O190&"-"&TEXT('16U_M_Classic'!B190,"h:mm am/pm") -> 16BX-116-bz_Play-in-7:30 PM | AQ43: ='16U_M_Classic'!L171&"-"&'16U_M_Classic'!O171&"-"&TEXT('16U_M_Classic'!B171,"h:mm am/pm") -> 16BX-115-bz_Play-in-7:30 PM | AR43: ='14U_M_Invite_36'!L105&"-"&'14U_M_Invite_36'!O105&"-"&TEXT('14U_M_Invite_36'!B105,"h:mm am/pm") -> 14BQ-087-ni_Play-in-7:30 PM | AS43: ='18U_M_Classic'!L190&"-"&'18U_M_Classic'!O190&"-"&TEXT('18U_M_Classic'!B190,"h:mm am/pm") -> 18BX-116-bz_Play-in-7:30 PM | AU43: 0.8125 | AV43: ='16U_M_Champ'!L133&"-"&'16U_M_Champ'!O133&"-"&TEXT('16U_M_Champ'!B133,"h:mm am/pm") -> 16B-113-pt_Play-in-7:30 PM | AW43: ='16U_M_Champ'!L152&"-"&'16U_M_Champ'!O152&"-"&TEXT('16U_M_Champ'!B152,"h:mm am/pm") -> 16B-114-pt_Play-in-7:30 PM | AX43: ='16U_M_Champ'!L171&"-"&'16U_M_Champ'!O171&"-"&TEXT('16U_M_Champ'!B171,"h:mm am/pm") -> 16B-115-au_Play-in-7:30 PM | AY43: ='16U_M_Champ'!L190&"-"&'16U_M_Champ'!O190&"-"&TEXT('16U_M_Champ'!B190,"h:mm am/pm") -> 16B-116-au_Play-in-7:30 PM
A44: 0.84722222 | I44: 0.84722222 | K44: 0.84722222 | P44: 0.84722222 | X44: 0.84722222 | AU44: 0.84722222
A50: SATURDAY JULY 25 | I50: SATURDAY JULY 25 | K50: SATURDAY JULY 25 | P50: SATURDAY JULY 25 | T50: 10am start (actual 2pm start) | X50: SATURDAY JULY 25 | AC50: NOTE 8:30am start! | AU50: SATURDAY JULY 25 | AX50: 8am start | BA50: SATURDAY JULY 25
B51: EL TORO HS 1 | C51: EL TORO HS 2 | D51: EL TORO HS 3 | E51: BECKMAN HS 2 | F51: CAPISTRANO VALLEY HS 2 | G51: TUSTIN HS 2 | H51: OCEAN VIEW HS 2 | J51: GOLDEN WEST COLLEGE 2 | L51: ALISO NIGUEL HS | M51: SAN CLEMENTE HS | N51: MISSION VIEJO HS | O51: LAGUNA HILLS HS | Q51: UC IRVINE 1 | R51: UC IRVINE 2 | S51: EL MODENA HS | T51: GARDEN GROVE HS | U51: PORTOLA HS 2 | V51: VILLA PARK HS | W51: TRABUCO HILLS HS | Y51: SADDLEBACK COLLEGE 2 | Z51: FULLERTON HS | AA51: BREA OLINDA HS | AB51: ESPERANZA HS | AC51: OCEAN VIEW HS 1 | AD51: NEWPORT HARBOR HS | AE51: ORANGE COAST COLLEGE 1 | AF51: YORBA LINDA HS | AG51: GOLDEN WEST COLLEGE 1 | AH51: TROY HS | AI51: VALLEY HS (SA) | AJ51: SUNNY HILLS HS | AK51: CAPISTRANO VALLEY HS 1 | AL51: BECKMAN HS 1 | AM51: TUSTIN HS 1 | AN51: SAN JUAN HILLS HS | AO51: PORTOLA HS 1 | AP51: EDISON HS | AQ51: LONG BEACH CC 2 | AR51: SADDLEBACK COLLEGE 1 | AS51: ANAHEIM HS | AT51: LA SERNA HS | AV51: FULLERTON COLLEGE | AW51: LONG BEACH CC 1 | AX51: SERVITE HS | AY51: SONORA HS | AZ51: LA HABRA HS | BB51: NORTHWOOD HS | BC51: JSERRA CHS | BD51: CHAPMAN UNIVERSITY | BE51: WESTMINSTER HS | BF51: MARINA HS | BI51: =COUNTA(B51:BG51) -> 51
H52: ='12U_M_Classic_53'!L276&"-"&'12U_M_Classic_53'!N276&"-"&TEXT('12U_M_Classic_53'!B276,"h:mm am/pm") -> 12BX-203-bz_17-24 QF-7:00 AM | K52: 0.29166667 | X52: 0.29166667 | AT52: ='18U_M_INVITE_NEW_23'!L118&"-"&'18U_M_INVITE_NEW_23'!N118&"-"&TEXT('18U_M_INVITE_NEW_23'!B118,"h:mm am/pm") -> 18BQ-054-cu_Group-7:00 AM
A53: 0.33333333 | B53: ='10U_M_Champ_35'!L181&"-"&'10U_M_Champ_35'!O181&"-"&TEXT('10U_M_Champ_35'!B181,"h:mm am/pm") -> 10B-091-au_RR9-11-8:00 AM | C53: ='10U_M_Champ_35'!L151&"-"&'10U_M_Champ_35'!O151&"-"&TEXT('10U_M_Champ_35'!B151,"h:mm am/pm") -> 10B-089-pt_5-8 v 9-12-8:00 AM | D53: ='10U_M_Champ_35'!L166&"-"&'10U_M_Champ_35'!O166&"-"&TEXT('10U_M_Champ_35'!B166,"h:mm am/pm") -> 10B-090-pt_21-24 RR-8:00 AM | E53: ='12U_M_Classic_53'!L259&"-"&'12U_M_Classic_53'!N259&"-"&TEXT('12U_M_Classic_53'!B259,"h:mm am/pm") -> 12BX-114-ag_3v8 QF-8:00 AM | G53: ='12U_M_Classic_53'!L242&"-"&'12U_M_Classic_53'!N242&"-"&TEXT('12U_M_Classic_53'!B242,"h:mm am/pm") -> 12BX-113-ag_1v6 QF-8:00 AM | H53: ='12U_M_Classic_53'!L277&"-"&'12U_M_Classic_53'!N277&"-"&TEXT('12U_M_Classic_53'!B277,"h:mm am/pm") -> 12BX-204-bz_17-24 QF-8:00 AM | I53: 0.33333333 | J53: ='12U_M_Classic_53'!L311&"-"&'12U_M_Classic_53'!N311&"-"&TEXT('12U_M_Classic_53'!B311,"h:mm am/pm") -> 12BX-115-bz_3v8 QF-8:00 AM | K53: 0.33333333 | L53: ='12U_M_Champ'!L196&"-"&'12U_M_Champ'!N196&"-"&TEXT('12U_M_Champ'!B196,"h:mm am/pm") -> 12B-117-pt_5-8 v 9-12-8:00 AM | M53: ='12U_M_Champ'!L226&"-"&'12U_M_Champ'!N226&"-"&TEXT('12U_M_Champ'!B226,"h:mm am/pm") -> 12B-119-au_5-8 v 9-12-8:00 AM | N53: ='12U_M_Champ'!L211&"-"&'12U_M_Champ'!N211&"-"&TEXT('12U_M_Champ'!B211,"h:mm am/pm") -> 12B-118-pt_21-24 RR-8:00 AM | O53: ='12U_M_Classic_53'!L292&"-"&'12U_M_Classic_53'!N292&"-"&TEXT('12U_M_Classic_53'!B292,"h:mm am/pm") -> 12BX-201-bz_17-24 QF-8:00 AM | P53: 0.33333333 | Q53: ='14U_M_Champ'!L196&"-"&'14U_M_Champ'!N196&"-"&TEXT('14U_M_Champ'!B196,"h:mm am/pm") -> 14B-117-pt_5-8 v 9-12-8:00 AM | R53: ='14U_M_Champ'!L211&"-"&'14U_M_Champ'!N211&"-"&TEXT('14U_M_Champ'!B211,"h:mm am/pm") -> 14B-118-pt_21-24 RR-8:00 AM | S53: ='14U_M_Champ'!L241&"-"&'14U_M_Champ'!N241&"-"&TEXT('14U_M_Champ'!B241,"h:mm am/pm") -> 14B-120-au_21-24 RR-8:00 AM | U53: ='12U_M_Champ'!L241&"-"&'12U_M_Champ'!N241&"-"&TEXT('12U_M_Champ'!B241,"h:mm am/pm") -> 12B-120-au_21-24 RR-8:00 AM | V53: ='14U_M_Invite_36'!L166&"-"&'14U_M_Invite_36'!O166&"-"&TEXT('14U_M_Invite_36'!B166,"h:mm am/pm") -> 14BQ-090-ni_21-24 RR-8:00 AM | W53: ='14U_M_Invite_36'!L181&"-"&'14U_M_Invite_36'!O181&"-"&TEXT('14U_M_Invite_36'!B181,"h:mm am/pm") -> 14BQ-091-cu_5-8 v 9-12-8:00 AM | X53: 0.33333333 | AA53: ='14U_M_Classic'!L238&"-"&'14U_M_Classic'!C238&"-"&TEXT('14U_M_Classic'!B238,"h:mm am/pm") -> 14BX-119-5-8 v 9-12-8:00 AM | AB53: ='14U_M_Classic'!L253&"-"&'14U_M_Classic'!C253&"-"&TEXT('14U_M_Classic'!B253,"h:mm am/pm") -> 14BX-120-21-24 RR-8:00 AM | AD53: ='18U_M_Champ'!L216&"-"&'18U_M_Champ'!N216&"-"&TEXT('18U_M_Champ'!B216,"h:mm am/pm") -> 18B-118-pt_21-24 RR-8:00 AM | AE53: ='18U_M_Classic'!L211&"-"&'18U_M_Classic'!O211&"-"&TEXT('18U_M_Classic'!B211,"h:mm am/pm") -> 18BX-118-ag_21-24 RR-8:00 AM | AF53: ='18U_M_INVITE_NEW_23'!L103&"-"&'18U_M_INVITE_NEW_23'!N103&"-"&TEXT('18U_M_INVITE_NEW_23'!B103,"h:mm am/pm") -> 18BQ-053-ni_5-8 v 9-12-8:00 AM | AG53: ='16U_M_Invite'!L204&"-"&'16U_M_Invite'!O204&"-"&TEXT('16U_M_Invite'!B204,"h:mm am/pm") -> 16BQ-117-ni_5-8 v 9-12-8:00 AM | AI53: ='18U_M_Classic'!L241&"-"&'18U_M_Classic'!O241&"-"&TEXT('18U_M_Classic'!B241,"h:mm am/pm") -> 18BX-120-bz_21-24 RR-8:00 AM | AK53: ='16U_M_Invite'!L249&"-"&'16U_M_Invite'!O249&"-"&TEXT('16U_M_Invite'!B249,"h:mm am/pm") -> 16BQ-120-cu_21-24 RR-8:00 AM | AL53: ='16U_M_Invite'!L234&"-"&'16U_M_Invite'!O234&"-"&TEXT('16U_M_Invite'!B234,"h:mm am/pm") -> 16BQ-119-cu_5-8 v 9-12-8:00 AM | AM53: ='16U_M_Invite'!L219&"-"&'16U_M_Invite'!O219&"-"&TEXT('16U_M_Invite'!B219,"h:mm am/pm") -> 16BQ-118-ni_21-24 RR-8:00 AM | AN53: ='16U_M_Classic'!L196&"-"&'16U_M_Classic'!O196&"-"&TEXT('16U_M_Classic'!B196,"h:mm am/pm") -> 16BX-117-ag_5-8 v 9-12-8:00 AM | AO53: ='14U_M_Champ'!L226&"-"&'14U_M_Champ'!N226&"-"&TEXT('14U_M_Champ'!B226,"h:mm am/pm") -> 14B-119-au_5-8 v 9-12-8:00 AM | AP53: ='16U_M_Classic'!L227&"-"&'16U_M_Classic'!O227&"-"&TEXT('16U_M_Classic'!B227,"h:mm am/pm") -> 16BX-120-bz_21-24 RR-8:00 AM | AQ53: ='16U_M_Classic'!L243&"-"&'16U_M_Classic'!O243&"-"&TEXT('16U_M_Classic'!B243,"h:mm am/pm") -> 16BX-128-bz_13-20 qtr-8:00 AM | AR53: ='18U_M_Classic'!L226&"-"&'18U_M_Classic'!O226&"-"&TEXT('18U_M_Classic'!B226,"h:mm am/pm") -> 18BX-119-bz_5-8 v 9-12-8:00 AM | AS53: ='14U_M_Invite_36'!L151&"-"&'14U_M_Invite_36'!O151&"-"&TEXT('14U_M_Invite_36'!B151,"h:mm am/pm") -> 14BQ-089-ni_5-8 v 9-12-8:00 AM | AT53: ='18U_M_INVITE_NEW_23'!L119&"-"&'18U_M_INVITE_NEW_23'!N119&"-"&TEXT('18U_M_INVITE_NEW_23'!B119,"h:mm am/pm") -> 18BQ-056-cu_Group-8:00 AM | AU53: 0.33333333 | AV53: ='16U_M_Champ'!L196&"-"&'16U_M_Champ'!O196&"-"&TEXT('16U_M_Champ'!B196,"h:mm am/pm") -> 16B-117-pt_5-8 v 9-12-8:00 AM | AW53: ='16U_M_Champ'!L226&"-"&'16U_M_Champ'!O226&"-"&TEXT('16U_M_Champ'!B226,"h:mm am/pm") -> 16B-119-au_5-8 v 9-12-8:00 AM | AX53: ='16U_M_Champ'!L211&"-"&'16U_M_Champ'!O211&"-"&TEXT('16U_M_Champ'!B211,"h:mm am/pm") -> 16B-118-pt_21-24 RR-8:00 AM | AY53: ='16U_M_Champ'!L241&"-"&'16U_M_Champ'!O241&"-"&TEXT('16U_M_Champ'!B241,"h:mm am/pm") -> 16B-120-au_21-24 RR-8:00 AM | AZ53: ='18U_M_Classic'!L196&"-"&'18U_M_Classic'!O196&"-"&TEXT('18U_M_Classic'!B196,"h:mm am/pm") -> 18BX-117-ag_5-8 v 9-12-8:00 AM | BA53: 0.33333333 | BB53: ='14U_M_Classic'!L208&"-"&'14U_M_Classic'!C208&"-"&TEXT('14U_M_Classic'!B208,"h:mm am/pm") -> 14BX-117-5-8 v 9-12-8:00 AM | BC53: ='18U_M_Champ'!L201&"-"&'18U_M_Champ'!N201&"-"&TEXT('18U_M_Champ'!B201,"h:mm am/pm") -> 18B-117-pt_5-8 v 9-12-8:00 AM | BD53: ='18U_M_Champ'!L231&"-"&'18U_M_Champ'!N231&"-"&TEXT('18U_M_Champ'!B231,"h:mm am/pm") -> 18B-119-au_5-8 v 9-12-8:00 AM | BE53: ='18U_M_Champ'!L246&"-"&'18U_M_Champ'!N246&"-"&TEXT('18U_M_Champ'!B246,"h:mm am/pm") -> 18B-120-au_21-24 RR-8:00 AM | BF53: ='16U_M_Classic'!L211&"-"&'16U_M_Classic'!O211&"-"&TEXT('16U_M_Classic'!B211,"h:mm am/pm") -> 16BX-124-bz_21-24 RR-8:00 AM
A54: 0.36805556 | B54: ='10U_M_Champ_35'!L182&"-"&'10U_M_Champ_35'!O182&"-"&TEXT('10U_M_Champ_35'!B182,"h:mm am/pm") -> 10B-094-au_RR9-11-8:50 AM | C54: ='10U_M_Champ_35'!L152&"-"&'10U_M_Champ_35'!O152&"-"&TEXT('10U_M_Champ_35'!B152,"h:mm am/pm") -> 10B-092-pt_5-8 v 9-12-8:50 AM | D54: ='10U_M_Champ_35'!L167&"-"&'10U_M_Champ_35'!O167&"-"&TEXT('10U_M_Champ_35'!B167,"h:mm am/pm") -> 10B-093-pt_21-24 RR-8:50 AM | E54: ='12U_M_Classic_53'!L260&"-"&'12U_M_Classic_53'!N260&"-"&TEXT('12U_M_Classic_53'!B260,"h:mm am/pm") -> 12BX-119-ag_4v7 QF-8:50 AM | G54: ='12U_M_Classic_53'!L243&"-"&'12U_M_Classic_53'!N243&"-"&TEXT('12U_M_Classic_53'!B243,"h:mm am/pm") -> 12BX-118-ag_2v5 QF-8:50 AM | H54: ='12U_M_Classic_53'!L278&"-"&'12U_M_Classic_53'!N278&"-"&TEXT('12U_M_Classic_53'!B278,"h:mm am/pm") -> 12BX-147A-bz_V-8:50 AM | I54: 0.36805556 | J54: ='12U_M_Classic_53'!L312&"-"&'12U_M_Classic_53'!N312&"-"&TEXT('12U_M_Classic_53'!B312,"h:mm am/pm") -> 12BX-120-bz_4v7 QF-8:50 AM | K54: 0.36805556 | L54: ='12U_M_Champ'!L197&"-"&'12U_M_Champ'!N197&"-"&TEXT('12U_M_Champ'!B197,"h:mm am/pm") -> 12B-121-pt_5-8 v 9-12-8:50 AM | M54: ='12U_M_Champ'!L227&"-"&'12U_M_Champ'!N227&"-"&TEXT('12U_M_Champ'!B227,"h:mm am/pm") -> 12B-123-au_5-8 v 9-12-8:50 AM | N54: ='12U_M_Champ'!L212&"-"&'12U_M_Champ'!N212&"-"&TEXT('12U_M_Champ'!B212,"h:mm am/pm") -> 12B-122-pt_21-24 RR-8:50 AM | O54: ='12U_M_Classic_53'!L293&"-"&'12U_M_Classic_53'!N293&"-"&TEXT('12U_M_Classic_53'!B293,"h:mm am/pm") -> 12BX-202-bz_17-24 QF-8:50 AM | P54: 0.375 | Q54: ='14U_M_Champ'!L197&"-"&'14U_M_Champ'!N197&"-"&TEXT('14U_M_Champ'!B197,"h:mm am/pm") -> 14B-121-pt_5-8 v 9-12-9:00 AM | R54: ='14U_M_Champ'!L212&"-"&'14U_M_Champ'!N212&"-"&TEXT('14U_M_Champ'!B212,"h:mm am/pm") -> 14B-122-pt_21-24 RR-9:00 AM | S54: ='14U_M_Champ'!L242&"-"&'14U_M_Champ'!N242&"-"&TEXT('14U_M_Champ'!B242,"h:mm am/pm") -> 14B-124-au_21-24 RR-9:00 AM | U54: ='12U_M_Champ'!L242&"-"&'12U_M_Champ'!N242&"-"&TEXT('12U_M_Champ'!B242,"h:mm am/pm") -> 12B-124-au_21-24 RR-8:50 AM | V54: ='14U_M_Invite_36'!L167&"-"&'14U_M_Invite_36'!O167&"-"&TEXT('14U_M_Invite_36'!B167,"h:mm am/pm") -> 14BQ-093-ni_21-24 RR-9:00 AM | W54: ='14U_M_Invite_36'!L182&"-"&'14U_M_Invite_36'!O182&"-"&TEXT('14U_M_Invite_36'!B182,"h:mm am/pm") -> 14BQ-094-cu_5-8 v 9-12-9:00 AM | X54: 0.375 | AA54: ='14U_M_Classic'!L239&"-"&'14U_M_Classic'!C239&"-"&TEXT('14U_M_Classic'!B239,"h:mm am/pm") -> 14BX-123-5-8 v 9-12-9:00 AM | AB54: ='14U_M_Classic'!L254&"-"&'14U_M_Classic'!C254&"-"&TEXT('14U_M_Classic'!B254,"h:mm am/pm") -> 14BX-124-21-24 RR-9:00 AM | AC54: ='14U_M_Classic'!L223&"-"&'14U_M_Classic'!C223&"-"&TEXT('14U_M_Classic'!B223,"h:mm am/pm") -> 14BX-118-21-24 RR-8:30 AM | AD54: ='18U_M_Champ'!L217&"-"&'18U_M_Champ'!N217&"-"&TEXT('18U_M_Champ'!B217,"h:mm am/pm") -> 18B-122-pt_21-24 RR-9:00 AM | AE54: ='18U_M_Classic'!L212&"-"&'18U_M_Classic'!O212&"-"&TEXT('18U_M_Classic'!B212,"h:mm am/pm") -> 18BX-122-ag_21-24 RR-9:00 AM | AF54: ='18U_M_INVITE_NEW_23'!L104&"-"&'18U_M_INVITE_NEW_23'!N104&"-"&TEXT('18U_M_INVITE_NEW_23'!B104,"h:mm am/pm") -> 18BQ-055-ni_5-8 v 9-12-9:00 AM | AG54: ='16U_M_Invite'!L205&"-"&'16U_M_Invite'!O205&"-"&TEXT('16U_M_Invite'!B205,"h:mm am/pm") -> 16BQ-121-ni_5-8 v 9-12-9:00 AM | AI54: ='18U_M_Classic'!L242&"-"&'18U_M_Classic'!O242&"-"&TEXT('18U_M_Classic'!B242,"h:mm am/pm") -> 18BX-124-bz_21-24 RR-9:00 AM | AK54: ='16U_M_Invite'!L250&"-"&'16U_M_Invite'!O250&"-"&TEXT('16U_M_Invite'!B250,"h:mm am/pm") -> 16BQ-124-cu_21-24 RR-9:00 AM | AL54: ='16U_M_Invite'!L235&"-"&'16U_M_Invite'!O235&"-"&TEXT('16U_M_Invite'!B235,"h:mm am/pm") -> 16BQ-123-cu_5-8 v 9-12-9:00 AM | AM54: ='16U_M_Invite'!L220&"-"&'16U_M_Invite'!O220&"-"&TEXT('16U_M_Invite'!B220,"h:mm am/pm") -> 16BQ-122-ni_21-24 RR-9:00 AM | AN54: ='16U_M_Classic'!L197&"-"&'16U_M_Classic'!O197&"-"&TEXT('16U_M_Classic'!B197,"h:mm am/pm") -> 16BX-121-ag_5-8 v 9-12-9:00 AM | AO54: ='14U_M_Champ'!L227&"-"&'14U_M_Champ'!N227&"-"&TEXT('14U_M_Champ'!B227,"h:mm am/pm") -> 14B-123-au_5-8 v 9-12-9:00 AM | AP54: ='16U_M_Classic'!L228&"-"&'16U_M_Classic'!O228&"-"&TEXT('16U_M_Classic'!B228,"h:mm am/pm") -> 16BX-119-bz_5-8 v 9-12-9:00 AM | AQ54: ='16U_M_Classic'!L244&"-"&'16U_M_Classic'!O244&"-"&TEXT('16U_M_Classic'!B244,"h:mm am/pm") -> 16BX-132-bz_13-20 qtr-9:00 AM | AR54: ='18U_M_Classic'!L227&"-"&'18U_M_Classic'!O227&"-"&TEXT('18U_M_Classic'!B227,"h:mm am/pm") -> 18BX-123-bz_5-8 v 9-12-9:00 AM | AS54: ='14U_M_Invite_36'!L152&"-"&'14U_M_Invite_36'!O152&"-"&TEXT('14U_M_Invite_36'!B152,"h:mm am/pm") -> 14BQ-092-ni_5-8 v 9-12-9:00 AM | AT54: ='18U_M_INVITE_NEW_23'!L120&"-"&'18U_M_INVITE_NEW_23'!N120&"-"&TEXT('18U_M_INVITE_NEW_23'!B120,"h:mm am/pm") -> 18BQ-058-cu_Group-9:00 AM | AU54: 0.375 | AV54: ='16U_M_Champ'!L197&"-"&'16U_M_Champ'!O197&"-"&TEXT('16U_M_Champ'!B197,"h:mm am/pm") -> 16B-121-pt_5-8 v 9-12-9:00 AM | AW54: ='16U_M_Champ'!L227&"-"&'16U_M_Champ'!O227&"-"&TEXT('16U_M_Champ'!B227,"h:mm am/pm") -> 16B-123-au_5-8 v 9-12-9:00 AM | AX54: ='16U_M_Champ'!L212&"-"&'16U_M_Champ'!O212&"-"&TEXT('16U_M_Champ'!B212,"h:mm am/pm") -> 16B-122-pt_21-24 RR-9:00 AM | AY54: ='16U_M_Champ'!L242&"-"&'16U_M_Champ'!O242&"-"&TEXT('16U_M_Champ'!B242,"h:mm am/pm") -> 16B-124-au_21-24 RR-9:00 AM | AZ54: ='18U_M_Classic'!L197&"-"&'18U_M_Classic'!O197&"-"&TEXT('18U_M_Classic'!B197,"h:mm am/pm") -> 18BX-121-ag_5-8 v 9-12-9:00 AM | BA54: 0.375 | BB54: ='14U_M_Classic'!L209&"-"&'14U_M_Classic'!C209&"-"&TEXT('14U_M_Classic'!B209,"h:mm am/pm") -> 14BX-121-5-8 v 9-12-9:00 AM | BC54: ='18U_M_Champ'!L202&"-"&'18U_M_Champ'!N202&"-"&TEXT('18U_M_Champ'!B202,"h:mm am/pm") -> 18B-121-pt_5-8 v 9-12-9:00 AM | BD54: ='18U_M_Champ'!L232&"-"&'18U_M_Champ'!N232&"-"&TEXT('18U_M_Champ'!B232,"h:mm am/pm") -> 18B-123-au_5-8 v 9-12-9:00 AM | BE54: ='18U_M_Champ'!L247&"-"&'18U_M_Champ'!N247&"-"&TEXT('18U_M_Champ'!B247,"h:mm am/pm") -> 18B-124-au_21-24 RR-9:00 AM | BF54: ='16U_M_Classic'!L212&"-"&'16U_M_Classic'!O212&"-"&TEXT('16U_M_Classic'!B212,"h:mm am/pm") -> 16BX-118-ag_21-24 RR-9:00 AM
A55: 0.40277778 | B55: ='10U_M_Champ_35'!L183&"-"&'10U_M_Champ_35'!O183&"-"&TEXT('10U_M_Champ_35'!B183,"h:mm am/pm") -> 10B-097-au_RR9-11-9:40 AM | C55: ='10U_M_Champ_35'!L153&"-"&'10U_M_Champ_35'!O153&"-"&TEXT('10U_M_Champ_35'!B153,"h:mm am/pm") -> 10B-095-pt_5-8 v 9-12-9:40 AM | D55: ='10U_M_Champ_35'!L168&"-"&'10U_M_Champ_35'!O168&"-"&TEXT('10U_M_Champ_35'!B168,"h:mm am/pm") -> 10B-096-pt_13-20 qtr-9:40 AM | E55: ='12U_M_Classic_53'!L261&"-"&'12U_M_Classic_53'!N261&"-"&TEXT('12U_M_Classic_53'!B261,"h:mm am/pm") -> 12BX-123-ag_17th-24th-9:40 AM | G55: ='12U_M_Classic_53'!L244&"-"&'12U_M_Classic_53'!N244&"-"&TEXT('12U_M_Classic_53'!B244,"h:mm am/pm") -> 12BX-124-ag_9-16 QF-9:40 AM | H55: ='12U_M_Classic_53'!L279&"-"&'12U_M_Classic_53'!N279&"-"&TEXT('12U_M_Classic_53'!B279,"h:mm am/pm") -> 12BX-152A-bz_W-9:40 AM | I55: 0.40277778 | J55: ='12U_M_Classic_53'!L313&"-"&'12U_M_Classic_53'!N313&"-"&TEXT('12U_M_Classic_53'!B313,"h:mm am/pm") -> 12BX-116-bz_1v6 QF-9:40 AM | K55: 0.40277778 | L55: ='12U_M_Champ'!L198&"-"&'12U_M_Champ'!N198&"-"&TEXT('12U_M_Champ'!B198,"h:mm am/pm") -> 12B-125-pt_5-8 v 9-12-9:40 AM | M55: ='12U_M_Champ'!L228&"-"&'12U_M_Champ'!N228&"-"&TEXT('12U_M_Champ'!B228,"h:mm am/pm") -> 12B-127-au_5-8 v 9-12-9:40 AM | N55: ='12U_M_Champ'!L213&"-"&'12U_M_Champ'!N213&"-"&TEXT('12U_M_Champ'!B213,"h:mm am/pm") -> 12B-126-pt_13-20 qtr-9:40 AM | O55: ='12U_M_Classic_53'!L294&"-"&'12U_M_Classic_53'!N294&"-"&TEXT('12U_M_Classic_53'!B294,"h:mm am/pm") -> 12BX-131-bz_9-16 QF-9:40 AM | P55: 0.41666667 | Q55: ='14U_M_Champ'!L198&"-"&'14U_M_Champ'!N198&"-"&TEXT('14U_M_Champ'!B198,"h:mm am/pm") -> 14B-125-pt_5-8 v 9-12-10:00 AM | R55: ='14U_M_Champ'!L213&"-"&'14U_M_Champ'!N213&"-"&TEXT('14U_M_Champ'!B213,"h:mm am/pm") -> 14B-126-pt_13-20 qtr-10:00 AM | S55: ='14U_M_Champ'!L243&"-"&'14U_M_Champ'!N243&"-"&TEXT('14U_M_Champ'!B243,"h:mm am/pm") -> 14B-128-au_13-20 qtr-10:00 AM | U55: ='12U_M_Champ'!L243&"-"&'12U_M_Champ'!N243&"-"&TEXT('12U_M_Champ'!B243,"h:mm am/pm") -> 12B-128-au_13-20 qtr-9:40 AM | V55: ='14U_M_Invite_36'!L168&"-"&'14U_M_Invite_36'!O168&"-"&TEXT('14U_M_Invite_36'!B168,"h:mm am/pm") -> 14BQ-096-ni_13-20 qtr-10:00 AM | W55: ='14U_M_Invite_36'!L183&"-"&'14U_M_Invite_36'!O183&"-"&TEXT('14U_M_Invite_36'!B183,"h:mm am/pm") -> 14BQ-097-cu_5-8 v 9-12-10:00 AM | X55: 0.41666667 | AA55: ='14U_M_Classic'!L240&"-"&'14U_M_Classic'!C240&"-"&TEXT('14U_M_Classic'!B240,"h:mm am/pm") -> 14BX-127-5-8 v 9-12-10:00 AM | AB55: ='14U_M_Classic'!L255&"-"&'14U_M_Classic'!C255&"-"&TEXT('14U_M_Classic'!B255,"h:mm am/pm") -> 14BX-128-13-20 qtr-10:00 AM | AC55: ='14U_M_Classic'!L224&"-"&'14U_M_Classic'!C224&"-"&TEXT('14U_M_Classic'!B224,"h:mm am/pm") -> 14BX-122-21-24 RR-9:30 AM | AD55: ='18U_M_Champ'!L218&"-"&'18U_M_Champ'!N218&"-"&TEXT('18U_M_Champ'!B218,"h:mm am/pm") -> 18B-126-pt_13-20 qtr-10:00 AM | AE55: ='18U_M_Classic'!L213&"-"&'18U_M_Classic'!O213&"-"&TEXT('18U_M_Classic'!B213,"h:mm am/pm") -> 18BX-126-ag_13-20 qtr-10:00 AM | AF55: ='18U_M_INVITE_NEW_23'!L105&"-"&'18U_M_INVITE_NEW_23'!N105&"-"&TEXT('18U_M_INVITE_NEW_23'!B105,"h:mm am/pm") -> 18BQ-057-ni_5-8 v 9-12-10:00 AM | AG55: ='16U_M_Invite'!L206&"-"&'16U_M_Invite'!O206&"-"&TEXT('16U_M_Invite'!B206,"h:mm am/pm") -> 16BQ-125-ni_5-8 v 9-12-10:00 AM | AI55: ='18U_M_Classic'!L243&"-"&'18U_M_Classic'!O243&"-"&TEXT('18U_M_Classic'!B243,"h:mm am/pm") -> 18BX-128-bz_13-20 qtr-10:00 AM | AK55: ='16U_M_Invite'!L251&"-"&'16U_M_Invite'!O251&"-"&TEXT('16U_M_Invite'!B251,"h:mm am/pm") -> 16BQ-128-cu_13-20 qtr-10:00 AM | AL55: ='16U_M_Invite'!L236&"-"&'16U_M_Invite'!O236&"-"&TEXT('16U_M_Invite'!B236,"h:mm am/pm") -> 16BQ-127-cu_5-8 v 9-12-10:00 AM | AM55: ='16U_M_Invite'!L221&"-"&'16U_M_Invite'!O221&"-"&TEXT('16U_M_Invite'!B221,"h:mm am/pm") -> 16BQ-126-ni_13-20 qtr-10:00 AM | AN55: ='16U_M_Classic'!L198&"-"&'16U_M_Classic'!O198&"-"&TEXT('16U_M_Classic'!B198,"h:mm am/pm") -> 16BX-125-ag_5-8 v 9-12-10:00 AM | AO55: ='14U_M_Champ'!L228&"-"&'14U_M_Champ'!N228&"-"&TEXT('14U_M_Champ'!B228,"h:mm am/pm") -> 14B-127-au_5-8 v 9-12-10:00 AM | AP55: ='16U_M_Classic'!L229&"-"&'16U_M_Classic'!O229&"-"&TEXT('16U_M_Classic'!B229,"h:mm am/pm") -> 16BX-123-bz_5-8 v 9-12-10:00 AM | AQ55: ='16U_M_Classic'!L245&"-"&'16U_M_Classic'!O245&"-"&TEXT('16U_M_Classic'!B245,"h:mm am/pm") -> 16BX-136-bz_13-20 qtr-10:00 AM | AR55: ='18U_M_Classic'!L228&"-"&'18U_M_Classic'!O228&"-"&TEXT('18U_M_Classic'!B228,"h:mm am/pm") -> 18BX-127-bz_5-8 v 9-12-10:00 AM | AS55: ='14U_M_Invite_36'!L153&"-"&'14U_M_Invite_36'!O153&"-"&TEXT('14U_M_Invite_36'!B153,"h:mm am/pm") -> 14BQ-095-ni_5-8 v 9-12-10:00 AM | AT55: ='18U_M_INVITE_NEW_23'!L121&"-"&'18U_M_INVITE_NEW_23'!N121&"-"&TEXT('18U_M_INVITE_NEW_23'!B121,"h:mm am/pm") -> 18BQ-060-cu_Group-10:00 AM | AU55: 0.41666667 | AV55: ='16U_M_Champ'!L198&"-"&'16U_M_Champ'!O198&"-"&TEXT('16U_M_Champ'!B198,"h:mm am/pm") -> 16B-125-pt_5-8 v 9-12-10:00 AM | AW55: ='16U_M_Champ'!L228&"-"&'16U_M_Champ'!O228&"-"&TEXT('16U_M_Champ'!B228,"h:mm am/pm") -> 16B-127-au_5-8 v 9-12-10:00 AM | AX55: ='16U_M_Champ'!L213&"-"&'16U_M_Champ'!O213&"-"&TEXT('16U_M_Champ'!B213,"h:mm am/pm") -> 16B-126-pt_13-20 qtr-10:00 AM | AY55: ='16U_M_Champ'!L243&"-"&'16U_M_Champ'!O243&"-"&TEXT('16U_M_Champ'!B243,"h:mm am/pm") -> 16B-128-au_13-20 qtr-10:00 AM | AZ55: ='18U_M_Classic'!L198&"-"&'18U_M_Classic'!O198&"-"&TEXT('18U_M_Classic'!B198,"h:mm am/pm") -> 18BX-125-ag_5-8 v 9-12-10:00 AM | BA55: 0.41666667 | BB55: ='14U_M_Classic'!L210&"-"&'14U_M_Classic'!C210&"-"&TEXT('14U_M_Classic'!B210,"h:mm am/pm") -> 14BX-125-5-8 v 9-12-10:00 AM | BC55: ='18U_M_Champ'!L203&"-"&'18U_M_Champ'!N203&"-"&TEXT('18U_M_Champ'!B203,"h:mm am/pm") -> 18B-125-pt_5-8 v 9-12-10:00 AM | BD55: ='18U_M_Champ'!L233&"-"&'18U_M_Champ'!N233&"-"&TEXT('18U_M_Champ'!B233,"h:mm am/pm") -> 18B-127-au_5-8 v 9-12-10:00 AM | BE55: ='18U_M_Champ'!L248&"-"&'18U_M_Champ'!N248&"-"&TEXT('18U_M_Champ'!B248,"h:mm am/pm") -> 18B-128-au_13-20 qtr-10:00 AM | BF55: ='16U_M_Classic'!L213&"-"&'16U_M_Classic'!O213&"-"&TEXT('16U_M_Classic'!B213,"h:mm am/pm") -> 16BX-122-ag_21-24 RR-10:00 AM
A56: 0.4375 | B56: ='10U_M_Champ_35'!L184&"-"&'10U_M_Champ_35'!O184&"-"&TEXT('10U_M_Champ_35'!B184,"h:mm am/pm") -> 10B-100-au_1-2 v 3-4-10:30 AM | C56: ='10U_M_Champ_35'!L154&"-"&'10U_M_Champ_35'!O154&"-"&TEXT('10U_M_Champ_35'!B154,"h:mm am/pm") -> 10B-098-pt_5-8 v 9-12-10:30 AM | D56: ='10U_M_Champ_35'!L169&"-"&'10U_M_Champ_35'!O169&"-"&TEXT('10U_M_Champ_35'!B169,"h:mm am/pm") -> 10B-099-pt_13-20 qtr-10:30 AM | E56: ='12U_M_Classic_53'!L262&"-"&'12U_M_Classic_53'!N262&"-"&TEXT('12U_M_Classic_53'!B262,"h:mm am/pm") -> 12BX-126-ag_17th-24th-10:30 AM | G56: ='12U_M_Classic_53'!L245&"-"&'12U_M_Classic_53'!N245&"-"&TEXT('12U_M_Classic_53'!B245,"h:mm am/pm") -> 12BX-127-ag_9-16 QF-10:30 AM | I56: 0.4375 | J56: ='12U_M_Classic_53'!L314&"-"&'12U_M_Classic_53'!N314&"-"&TEXT('12U_M_Classic_53'!B314,"h:mm am/pm") -> 12BX-121-bz_2v5 QF-10:30 AM | K56: 0.4375 | L56: ='12U_M_Champ'!L199&"-"&'12U_M_Champ'!N199&"-"&TEXT('12U_M_Champ'!B199,"h:mm am/pm") -> 12B-129-pt_5-8 v 9-12-10:30 AM | M56: ='12U_M_Champ'!L229&"-"&'12U_M_Champ'!N229&"-"&TEXT('12U_M_Champ'!B229,"h:mm am/pm") -> 12B-131-au_5-8 v 9-12-10:30 AM | N56: ='12U_M_Champ'!L214&"-"&'12U_M_Champ'!N214&"-"&TEXT('12U_M_Champ'!B214,"h:mm am/pm") -> 12B-130-pt_13-20 qtr-10:30 AM | O56: ='12U_M_Classic_53'!L295&"-"&'12U_M_Classic_53'!N295&"-"&TEXT('12U_M_Classic_53'!B295,"h:mm am/pm") -> 12BX-134-bz_9-16 QF-10:30 AM | P56: 0.45833333 | Q56: ='14U_M_Champ'!L199&"-"&'14U_M_Champ'!N199&"-"&TEXT('14U_M_Champ'!B199,"h:mm am/pm") -> 14B-129-pt_5-8 v 9-12-11:00 AM | R56: ='14U_M_Champ'!L214&"-"&'14U_M_Champ'!N214&"-"&TEXT('14U_M_Champ'!B214,"h:mm am/pm") -> 14B-130-pt_13-20 qtr-11:00 AM | S56: ='14U_M_Champ'!L244&"-"&'14U_M_Champ'!N244&"-"&TEXT('14U_M_Champ'!B244,"h:mm am/pm") -> 14B-132-au_13-20 qtr-11:00 AM | U56: ='12U_M_Champ'!L244&"-"&'12U_M_Champ'!N244&"-"&TEXT('12U_M_Champ'!B244,"h:mm am/pm") -> 12B-132-au_13-20 qtr-10:30 AM | V56: ='14U_M_Invite_36'!L169&"-"&'14U_M_Invite_36'!O169&"-"&TEXT('14U_M_Invite_36'!B169,"h:mm am/pm") -> 14BQ-099-ni_13-20 qtr-11:00 AM | W56: ='14U_M_Invite_36'!L184&"-"&'14U_M_Invite_36'!O184&"-"&TEXT('14U_M_Invite_36'!B184,"h:mm am/pm") -> 14BQ-100-cu_5-8 v 9-12-11:00 AM | X56: 0.45833333 | AA56: ='14U_M_Classic'!L241&"-"&'14U_M_Classic'!C241&"-"&TEXT('14U_M_Classic'!B241,"h:mm am/pm") -> 14BX-131-5-8 v 9-12-11:00 AM | AB56: ='14U_M_Classic'!L256&"-"&'14U_M_Classic'!C256&"-"&TEXT('14U_M_Classic'!B256,"h:mm am/pm") -> 14BX-132-13-20 qtr-11:00 AM | AC56: ='14U_M_Classic'!L225&"-"&'14U_M_Classic'!C225&"-"&TEXT('14U_M_Classic'!B225,"h:mm am/pm") -> 14BX-126-13-20 qtr-10:30 AM | AD56: ='18U_M_Champ'!L219&"-"&'18U_M_Champ'!N219&"-"&TEXT('18U_M_Champ'!B219,"h:mm am/pm") -> 18B-130-pt_13-20 qtr-11:00 AM | AE56: ='18U_M_Classic'!L214&"-"&'18U_M_Classic'!O214&"-"&TEXT('18U_M_Classic'!B214,"h:mm am/pm") -> 18BX-130-ag_13-20 qtr-11:00 AM | AF56: ='18U_M_INVITE_NEW_23'!L106&"-"&'18U_M_INVITE_NEW_23'!N106&"-"&TEXT('18U_M_INVITE_NEW_23'!B106,"h:mm am/pm") -> 18BQ-059-ni_5-8 v 9-12-11:00 AM | AG56: ='16U_M_Invite'!L207&"-"&'16U_M_Invite'!O207&"-"&TEXT('16U_M_Invite'!B207,"h:mm am/pm") -> 16BQ-129-ni_5-8 v 9-12-11:00 AM | AI56: ='18U_M_Classic'!L244&"-"&'18U_M_Classic'!O244&"-"&TEXT('18U_M_Classic'!B244,"h:mm am/pm") -> 18BX-132-bz_13-20 qtr-11:00 AM | AK56: ='16U_M_Invite'!L252&"-"&'16U_M_Invite'!O252&"-"&TEXT('16U_M_Invite'!B252,"h:mm am/pm") -> 16BQ-132-cu_13-20 qtr-11:00 AM | AL56: ='16U_M_Invite'!L237&"-"&'16U_M_Invite'!O237&"-"&TEXT('16U_M_Invite'!B237,"h:mm am/pm") -> 16BQ-131-cu_5-8 v 9-12-11:00 AM | AM56: ='16U_M_Invite'!L222&"-"&'16U_M_Invite'!O222&"-"&TEXT('16U_M_Invite'!B222,"h:mm am/pm") -> 16BQ-130-ni_13-20 qtr-11:00 AM | AN56: ='16U_M_Classic'!L199&"-"&'16U_M_Classic'!O199&"-"&TEXT('16U_M_Classic'!B199,"h:mm am/pm") -> 16BX-129-ag_5-8 v 9-12-11:00 AM | AO56: ='14U_M_Champ'!L229&"-"&'14U_M_Champ'!N229&"-"&TEXT('14U_M_Champ'!B229,"h:mm am/pm") -> 14B-131-au_5-8 v 9-12-11:00 AM | AP56: ='16U_M_Classic'!L230&"-"&'16U_M_Classic'!O230&"-"&TEXT('16U_M_Classic'!B230,"h:mm am/pm") -> 16BX-127-bz_5-8 v 9-12-11:00 AM | AQ56: ='16U_M_Classic'!L246&"-"&'16U_M_Classic'!O246&"-"&TEXT('16U_M_Classic'!B246,"h:mm am/pm") -> 16BX-140-bz_13-20 qtr-11:00 AM | AR56: ='18U_M_Classic'!L229&"-"&'18U_M_Classic'!O229&"-"&TEXT('18U_M_Classic'!B229,"h:mm am/pm") -> 18BX-131-bz_5-8 v 9-12-11:00 AM | AS56: ='14U_M_Invite_36'!L154&"-"&'14U_M_Invite_36'!O154&"-"&TEXT('14U_M_Invite_36'!B154,"h:mm am/pm") -> 14BQ-098-ni_5-8 v 9-12-11:00 AM | AT56: ='18U_M_INVITE_NEW_23'!L122&"-"&'18U_M_INVITE_NEW_23'!N122&"-"&TEXT('18U_M_INVITE_NEW_23'!B122,"h:mm am/pm") -> 18BQ-062-cu_Group-11:00 AM | AU56: 0.45833333 | AV56: ='16U_M_Champ'!L199&"-"&'16U_M_Champ'!O199&"-"&TEXT('16U_M_Champ'!B199,"h:mm am/pm") -> 16B-129-pt_5-8 v 9-12-11:00 AM | AW56: ='16U_M_Champ'!L229&"-"&'16U_M_Champ'!O229&"-"&TEXT('16U_M_Champ'!B229,"h:mm am/pm") -> 16B-131-au_5-8 v 9-12-11:00 AM | AX56: ='16U_M_Champ'!L214&"-"&'16U_M_Champ'!O214&"-"&TEXT('16U_M_Champ'!B214,"h:mm am/pm") -> 16B-130-pt_13-20 qtr-11:00 AM | AY56: ='16U_M_Champ'!L244&"-"&'16U_M_Champ'!O244&"-"&TEXT('16U_M_Champ'!B244,"h:mm am/pm") -> 16B-132-au_13-20 qtr-11:00 AM | AZ56: ='18U_M_Classic'!L199&"-"&'18U_M_Classic'!O199&"-"&TEXT('18U_M_Classic'!B199,"h:mm am/pm") -> 18BX-129-ag_5-8 v 9-12-11:00 AM | BA56: 0.45833333 | BB56: ='14U_M_Classic'!L211&"-"&'14U_M_Classic'!C211&"-"&TEXT('14U_M_Classic'!B211,"h:mm am/pm") -> 14BX-129-5-8 v 9-12-11:00 AM | BC56: ='18U_M_Champ'!L204&"-"&'18U_M_Champ'!N204&"-"&TEXT('18U_M_Champ'!B204,"h:mm am/pm") -> 18B-129-pt_5-8 v 9-12-11:00 AM | BD56: ='18U_M_Champ'!L234&"-"&'18U_M_Champ'!N234&"-"&TEXT('18U_M_Champ'!B234,"h:mm am/pm") -> 18B-131-au_5-8 v 9-12-11:00 AM | BE56: ='18U_M_Champ'!L249&"-"&'18U_M_Champ'!N249&"-"&TEXT('18U_M_Champ'!B249,"h:mm am/pm") -> 18B-132-au_13-20 qtr-11:00 AM | BF56: ='16U_M_Classic'!L214&"-"&'16U_M_Classic'!O214&"-"&TEXT('16U_M_Classic'!B214,"h:mm am/pm") -> 16BX-126-ag_13-20 qtr-11:00 AM
A57: 0.47222222 | B57: ='10U_M_Champ_35'!L185&"-"&'10U_M_Champ_35'!O185&"-"&TEXT('10U_M_Champ_35'!B185,"h:mm am/pm") -> 10B-103-au_5-6 v 7-8-11:20 AM | C57: ='10U_M_Champ_35'!L155&"-"&'10U_M_Champ_35'!O155&"-"&TEXT('10U_M_Champ_35'!B155,"h:mm am/pm") -> 10B-101-pt_1-2 v 3-4-11:20 AM | D57: ='10U_M_Champ_35'!L170&"-"&'10U_M_Champ_35'!O170&"-"&TEXT('10U_M_Champ_35'!B170,"h:mm am/pm") -> 10B-102-pt_13-20 qtr-11:20 AM | E57: ='12U_M_Classic_53'!L263&"-"&'12U_M_Classic_53'!N263&"-"&TEXT('12U_M_Classic_53'!B263,"h:mm am/pm") -> 12BX-137-ag_17th-24th-11:20 AM | G57: ='12U_M_Classic_53'!L246&"-"&'12U_M_Classic_53'!N246&"-"&TEXT('12U_M_Classic_53'!B246,"h:mm am/pm") -> 12BX-133-ag_W to semi, L to play-in 1v4-11:20 AM | H57: ='12U_M_Classic_53'!L281&"-"&'12U_M_Classic_53'!N281&"-"&TEXT('12U_M_Classic_53'!B281,"h:mm am/pm") -> 12BX-135-bz_V-11:20 AM | I57: 0.47222222 | J57: ='12U_M_Classic_53'!L315&"-"&'12U_M_Classic_53'!N315&"-"&TEXT('12U_M_Classic_53'!B315,"h:mm am/pm") -> 12BX-138-bz_W to semi, L to play-in-11:20 AM | K57: 0.47222222 | L57: ='12U_M_Champ'!L200&"-"&'12U_M_Champ'!N200&"-"&TEXT('12U_M_Champ'!B200,"h:mm am/pm") -> 12B-133-pt_1-2 v 3-4-11:20 AM | M57: ='12U_M_Champ'!L230&"-"&'12U_M_Champ'!N230&"-"&TEXT('12U_M_Champ'!B230,"h:mm am/pm") -> 12B-135-au_1-2 v 3-4-11:20 AM | N57: ='12U_M_Champ'!L215&"-"&'12U_M_Champ'!N215&"-"&TEXT('12U_M_Champ'!B215,"h:mm am/pm") -> 12B-134-pt_13-20 qtr-11:20 AM | O57: ='12U_M_Classic_53'!L296&"-"&'12U_M_Classic_53'!N296&"-"&TEXT('12U_M_Classic_53'!B296,"h:mm am/pm") -> 12BX-135A-bz_X-11:20 AM | P57: 0.5 | Q57: ='14U_M_Champ'!L200&"-"&'14U_M_Champ'!N200&"-"&TEXT('14U_M_Champ'!B200,"h:mm am/pm") -> 14B-133-pt_1-2 v 3-4-12:00 PM | R57: ='14U_M_Champ'!L215&"-"&'14U_M_Champ'!N215&"-"&TEXT('14U_M_Champ'!B215,"h:mm am/pm") -> 14B-134-pt_13-20 qtr-12:00 PM | S57: ='14U_M_Champ'!L245&"-"&'14U_M_Champ'!N245&"-"&TEXT('14U_M_Champ'!B245,"h:mm am/pm") -> 14B-136-au_13-20 qtr-12:00 PM | U57: ='12U_M_Champ'!L245&"-"&'12U_M_Champ'!N245&"-"&TEXT('12U_M_Champ'!B245,"h:mm am/pm") -> 12B-136-au_13-20 qtr-11:20 AM | V57: ='14U_M_Invite_36'!L170&"-"&'14U_M_Invite_36'!O170&"-"&TEXT('14U_M_Invite_36'!B170,"h:mm am/pm") -> 14BQ-102-ni_13-20 qtr-12:00 PM | W57: ='14U_M_Invite_36'!L185&"-"&'14U_M_Invite_36'!O185&"-"&TEXT('14U_M_Invite_36'!B185,"h:mm am/pm") -> 14BQ-103-cu_1-2 v 3-4-12:00 PM | X57: 0.5 | AA57: ='14U_M_Classic'!L242&"-"&'14U_M_Classic'!C242&"-"&TEXT('14U_M_Classic'!B242,"h:mm am/pm") -> 14BX-135-1-2 v 3-4-12:00 PM | AB57: ='14U_M_Classic'!L257&"-"&'14U_M_Classic'!C257&"-"&TEXT('14U_M_Classic'!B257,"h:mm am/pm") -> 14BX-136-13-20 qtr-12:00 PM | AC57: ='14U_M_Classic'!L226&"-"&'14U_M_Classic'!C226&"-"&TEXT('14U_M_Classic'!B226,"h:mm am/pm") -> 14BX-130-13-20 qtr-11:30 AM | AD57: ='18U_M_Champ'!L220&"-"&'18U_M_Champ'!N220&"-"&TEXT('18U_M_Champ'!B220,"h:mm am/pm") -> 18B-134-pt_13-20 qtr-12:00 PM | AE57: ='18U_M_Classic'!L215&"-"&'18U_M_Classic'!O215&"-"&TEXT('18U_M_Classic'!B215,"h:mm am/pm") -> 18BX-134-ag_13-20 qtr-12:00 PM | AF57: ='18U_M_INVITE_NEW_23'!L107&"-"&'18U_M_INVITE_NEW_23'!N107&"-"&TEXT('18U_M_INVITE_NEW_23'!B107,"h:mm am/pm") -> 18BQ-061-ni_1-2 v 3-4-12:00 PM | AG57: ='16U_M_Invite'!L208&"-"&'16U_M_Invite'!O208&"-"&TEXT('16U_M_Invite'!B208,"h:mm am/pm") -> 16BQ-133-ni_1-2 v 3-4-12:00 PM | AI57: ='18U_M_Classic'!L245&"-"&'18U_M_Classic'!O245&"-"&TEXT('18U_M_Classic'!B245,"h:mm am/pm") -> 18BX-136-bz_13-20 qtr-12:00 PM | AK57: ='16U_M_Invite'!L253&"-"&'16U_M_Invite'!O253&"-"&TEXT('16U_M_Invite'!B253,"h:mm am/pm") -> 16BQ-136-cu_13-20 qtr-12:00 PM | AL57: ='16U_M_Invite'!L238&"-"&'16U_M_Invite'!O238&"-"&TEXT('16U_M_Invite'!B238,"h:mm am/pm") -> 16BQ-135-cu_1-2 v 3-4-12:00 PM | AM57: ='16U_M_Invite'!L223&"-"&'16U_M_Invite'!O223&"-"&TEXT('16U_M_Invite'!B223,"h:mm am/pm") -> 16BQ-134-ni_13-20 qtr-12:00 PM | AN57: ='16U_M_Classic'!L200&"-"&'16U_M_Classic'!O200&"-"&TEXT('16U_M_Classic'!B200,"h:mm am/pm") -> 16BX-133-ag_1-2 v 3-4-12:00 PM | AO57: ='14U_M_Champ'!L230&"-"&'14U_M_Champ'!N230&"-"&TEXT('14U_M_Champ'!B230,"h:mm am/pm") -> 14B-135-au_1-2 v 3-4-12:00 PM | AP57: ='16U_M_Classic'!L231&"-"&'16U_M_Classic'!O231&"-"&TEXT('16U_M_Classic'!B231,"h:mm am/pm") -> 16BX-131-bz_5-8 v 9-12-12:00 PM | AQ57: ='16U_M_Classic'!L247&"-"&'16U_M_Classic'!O247&"-"&TEXT('16U_M_Classic'!B247,"h:mm am/pm") -> 16BX-144-bz_21-24 RR-12:00 PM | AR57: ='18U_M_Classic'!L230&"-"&'18U_M_Classic'!O230&"-"&TEXT('18U_M_Classic'!B230,"h:mm am/pm") -> 18BX-135-bz_1-2 v 3-4-12:00 PM | AS57: ='14U_M_Invite_36'!L155&"-"&'14U_M_Invite_36'!O155&"-"&TEXT('14U_M_Invite_36'!B155,"h:mm am/pm") -> 14BQ-101-ni_1-2 v 3-4-12:00 PM | AT57: ='18U_M_INVITE_NEW_23'!L123&"-"&'18U_M_INVITE_NEW_23'!N123&"-"&TEXT('18U_M_INVITE_NEW_23'!B123,"h:mm am/pm") -> 18BQ-064-cu_Group-12:00 PM | AU57: 0.5 | AV57: ='16U_M_Champ'!L200&"-"&'16U_M_Champ'!O200&"-"&TEXT('16U_M_Champ'!B200,"h:mm am/pm") -> 16B-133-pt_1-2 v 3-4-12:00 PM | AW57: ='16U_M_Champ'!L230&"-"&'16U_M_Champ'!O230&"-"&TEXT('16U_M_Champ'!B230,"h:mm am/pm") -> 16B-135-au_1-2 v 3-4-12:00 PM | AX57: ='16U_M_Champ'!L215&"-"&'16U_M_Champ'!O215&"-"&TEXT('16U_M_Champ'!B215,"h:mm am/pm") -> 16B-134-pt_13-20 qtr-12:00 PM | AY57: ='16U_M_Champ'!L245&"-"&'16U_M_Champ'!O245&"-"&TEXT('16U_M_Champ'!B245,"h:mm am/pm") -> 16B-136-au_13-20 qtr-12:00 PM | AZ57: ='18U_M_Classic'!L200&"-"&'18U_M_Classic'!O200&"-"&TEXT('18U_M_Classic'!B200,"h:mm am/pm") -> 18BX-133-ag_1-2 v 3-4-12:00 PM | BA57: 0.5 | BB57: ='14U_M_Classic'!L212&"-"&'14U_M_Classic'!C212&"-"&TEXT('14U_M_Classic'!B212,"h:mm am/pm") -> 14BX-133-1-2 v 3-4-12:00 PM | BC57: ='18U_M_Champ'!L205&"-"&'18U_M_Champ'!N205&"-"&TEXT('18U_M_Champ'!B205,"h:mm am/pm") -> 18B-133-pt_1-2 v 3-4-12:00 PM | BD57: ='18U_M_Champ'!L235&"-"&'18U_M_Champ'!N235&"-"&TEXT('18U_M_Champ'!B235,"h:mm am/pm") -> 18B-135-au_1-2 v 3-4-12:00 PM | BE57: ='18U_M_Champ'!L250&"-"&'18U_M_Champ'!N250&"-"&TEXT('18U_M_Champ'!B250,"h:mm am/pm") -> 18B-136-au_13-20 qtr-12:00 PM | BF57: ='16U_M_Classic'!L215&"-"&'16U_M_Classic'!O215&"-"&TEXT('16U_M_Classic'!B215,"h:mm am/pm") -> 16BX-130-ag_13-20 qtr-12:00 PM
